election_id;x;y
ID 0.5;1.45714;-0.07177
IC 0.5;0.35176;-0.07177
full;1.14754;0.83294
empty;1.03477;-1.03178
background_id_0;1.18659;-0.95049
background_id_1;1.25241;-0.85159
background_id_2;1.29969;-0.77506
background_id_3;1.32409;-0.72125
background_id_4;1.35526;-0.657
background_id_5;1.38391;-0.58817
background_id_6;1.39336;-0.54246
background_id_7;1.41402;-0.48097
background_id_8;1.42836;-0.41716
background_id_9;1.43543;-0.37222
background_id_10;1.44832;-0.30997
background_id_11;1.44403;-0.24938
background_id_12;1.46322;-0.20306
background_id_13;1.45748;-0.15005
background_id_14;1.45777;-0.07461
background_id_15;1.45215;-0.01993
background_id_16;1.45809;0.03699
background_id_17;1.43791;0.09213
background_id_18;1.44716;0.14743
background_id_19;1.43024;0.20133
background_id_20;1.41649;0.26497
background_id_21;1.41004;0.30853
background_id_22;1.38973;0.37034
background_id_23;1.37414;0.42807
background_id_24;1.35619;0.48395
background_id_25;1.32795;0.54073
background_id_26;1.30225;0.60862
background_id_27;1.27396;0.6627
background_id_28;1.22858;0.73961
background_ic_0;1.0679;-0.89283
background_ic_1;0.93547;-0.90591
background_ic_2;0.85125;-0.83792
background_ic_3;0.75263;-0.83782
background_ic_4;0.68486;-0.78339
background_ic_5;0.59562;-0.71723
background_ic_6;0.53088;-0.6543
background_ic_7;0.528;-0.58818
background_ic_8;0.46403;-0.54515
background_ic_9;0.43524;-0.46933
background_ic_10;0.36949;-0.41067
background_ic_11;0.35843;-0.29114
background_ic_12;0.34418;-0.22645
background_ic_13;0.33524;-0.15484
background_ic_14;0.3178;-0.0499
background_ic_15;0.34663;0.03375
background_ic_16;0.37298;0.07848
background_ic_17;0.36125;0.1708
background_ic_18;0.39966;0.22806
background_ic_19;0.42585;0.32033
background_ic_20;0.43582;0.36731
background_ic_21;0.48001;0.44391
background_ic_22;0.53186;0.50599
background_ic_23;0.57352;0.58566
background_ic_24;0.64382;0.64602
background_ic_25;0.71077;0.68846
background_ic_26;0.78806;0.75842
background_ic_27;0.88894;0.80008
background_ic_28;1.08469;0.77668
background_v1_0;1.15388;-0.96618
background_v1_1;1.19026;-0.82857
background_v1_2;1.19028;-0.74337
background_v1_3;1.19904;-0.69143
background_v1_4;1.19361;-0.63677
background_v1_5;1.18339;-0.56596
background_v1_6;1.15045;-0.51394
background_v1_7;1.17873;-0.46542
background_v1_8;1.1638;-0.39016
background_v1_9;1.17518;-0.34982
background_v1_10;1.14329;-0.30387
background_v1_11;1.15396;-0.23868
background_v1_12;1.18828;-0.19102
background_v1_13;1.17229;-0.13712
background_v1_14;1.14884;-0.09239
background_v1_15;1.17917;-0.04401
background_v1_16;1.1514;0.01425
background_v1_17;1.14502;0.08109
background_v1_18;1.18052;0.12422
background_v1_19;1.15542;0.18123
background_v1_20;1.1419;0.2418
background_v1_21;1.17466;0.29579
background_v1_22;1.15034;0.3479
background_v1_23;1.1677;0.4113
background_v1_24;1.17696;0.47129
background_v1_25;1.17653;0.52842
background_v1_26;1.1782;0.59837
background_v1_27;1.17716;0.66157
background_v1_28;1.17307;0.73954
background_v2_0;1.13585;-0.90514
background_v2_1;1.09013;-0.79815
background_v2_2;1.04856;-0.74416
background_v2_3;1.00209;-0.6967
background_v2_4;1.00111;-0.64399
background_v2_5;0.99686;-0.58256
background_v2_6;0.96629;-0.53395
background_v2_7;0.94976;-0.47543
background_v2_8;0.93139;-0.40311
background_v2_9;0.89628;-0.36881
background_v2_10;0.87404;-0.32325
background_v2_11;0.9079;-0.27181
background_v2_12;0.90231;-0.21669
background_v2_13;0.88918;-0.15352
background_v2_14;0.8752;-0.09056
background_v2_15;0.90383;-0.03987
background_v2_16;0.88032;0.0154
background_v2_17;0.88543;0.1023
background_v2_18;0.92333;0.13777
background_v2_19;0.911;0.19435
background_v2_20;0.94761;0.26045
background_v2_21;0.94364;0.32513
background_v2_22;0.98748;0.34479
background_v2_23;0.99545;0.41138
background_v2_24;0.9863;0.50033
background_v2_25;1.02943;0.54051
background_v2_26;1.04969;0.60142
background_v2_27;1.09104;0.67547
background_v2_28;1.12042;0.74218
background_v3_0;1.10839;-0.88141
background_v3_1;0.98142;-0.82182
background_v3_2;0.93071;-0.78632
background_v3_3;0.90259;-0.73359
background_v3_4;0.85231;-0.67138
background_v3_5;0.81949;-0.63918
background_v3_6;0.80217;-0.57058
background_v3_7;0.75488;-0.52479
background_v3_8;0.68217;-0.44842
background_v3_9;0.70162;-0.39829
background_v3_10;0.63681;-0.36488
background_v3_11;0.65751;-0.26332
background_v3_12;0.64155;-0.22577
background_v3_13;0.60665;-0.17153
background_v3_14;0.56478;-0.0857
background_v3_15;0.69456;-0.03939
background_v3_16;0.58336;0.02394
background_v3_17;0.56021;0.13814
background_v3_18;0.55482;0.21942
background_v3_19;0.55181;0.26438
background_v3_20;0.56996;0.37616
background_v3_21;0.60405;0.43243
background_v3_22;0.67696;0.50235
background_v3_23;0.69348;0.53765
background_v3_24;0.8019;0.56152
background_v3_25;0.85116;0.61469
background_v3_26;0.91999;0.65213
background_v3_27;1.00044;0.69262
background_v3_28;1.06854;0.74049
background_h1_0;1.23371;-0.75752
background_h1_1;1.14328;-0.74278
background_h1_2;1.07689;-0.7281
background_h1_3;0.97818;-0.76017
background_h1_4;0.88147;-0.78215
background_h2_0;1.29902;-0.5702
background_h2_1;1.23733;-0.56145
background_h2_2;1.11845;-0.57716
background_h2_3;1.0578;-0.55954
background_h2_4;0.96911;-0.58906
background_h2_5;0.90069;-0.58445
background_h2_6;0.84173;-0.61702
background_h2_7;0.77203;-0.61183
background_h2_8;0.67644;-0.67641
background_h3_0;1.34433;-0.40092
background_h3_1;1.26496;-0.39869
background_h3_2;1.20389;-0.40722
background_h3_3;1.10248;-0.40061
background_h3_4;1.02726;-0.39445
background_h3_5;0.97205;-0.41942
background_h3_6;0.88147;-0.4392
background_h3_7;0.81868;-0.44078
background_h3_8;0.7667;-0.447
background_h3_9;0.71441;-0.46615
background_h3_10;0.60017;-0.47387
background_h3_11;0.4935;-0.52324
background_h4_0;1.35442;-0.24043
background_h4_1;1.28772;-0.2334
background_h4_2;1.21529;-0.24682
background_h4_3;1.10604;-0.23405
background_h4_4;1.03639;-0.24486
background_h4_5;0.97732;-0.24833
background_h4_6;0.87672;-0.24181
background_h4_7;0.80397;-0.27961
background_h4_8;0.75148;-0.29437
background_h4_9;0.69833;-0.26796
background_h4_10;0.56796;-0.31008
background_h4_11;0.50917;-0.28445
background_h4_12;0.39253;-0.27991
background_h5_0;1.36951;-0.07232
background_h5_1;1.30471;-0.0726
background_h5_2;1.22372;-0.07685
background_h5_3;1.09459;-0.05725
background_h5_4;1.0697;-0.08305
background_h5_5;0.97897;-0.08931
background_h5_6;0.93163;-0.09243
background_h5_7;0.83272;-0.09217
background_h5_8;0.78772;-0.11477
background_h5_9;0.72734;-0.08827
background_h5_10;0.59623;-0.06412
background_h5_11;0.51604;-0.10073
background_h5_12;0.42409;-0.08494
background_h5_13;0.36227;-0.11594
background_h6_0;1.34982;0.09568
background_h6_1;1.28442;0.08281
background_h6_2;1.21871;0.07285
background_h6_3;1.09823;0.0766
background_h6_4;1.04415;0.08499
background_h6_5;0.97683;0.06144
background_h6_6;0.91952;0.06843
background_h6_7;0.82571;0.06666
background_h6_8;0.76848;0.09737
background_h6_9;0.63289;0.12084
background_h6_10;0.49713;0.14903
background_h6_11;0.4338;0.16361
background_h6_12;0.39309;0.14613
background_h7_0;1.33785;0.25335
background_h7_1;1.25571;0.25162
background_h7_2;1.19278;0.24319
background_h7_3;1.08792;0.2365
background_h7_4;1.03396;0.2521
background_h7_5;0.97189;0.23514
background_h7_6;0.89113;0.24808
background_h7_7;0.82969;0.27014
background_h7_8;0.73257;0.29339
background_h7_9;0.52682;0.33722
background_h7_10;0.52795;0.37585
background_h7_11;0.46325;0.36372
background_h8_0;1.28674;0.41826
background_h8_1;1.22318;0.4043
background_h8_2;1.11719;0.41376
background_h8_3;1.05244;0.42957
background_h8_4;0.97578;0.44816
background_h8_5;0.9212;0.44305
background_h8_6;0.75601;0.54144
background_h8_7;0.67018;0.5704
background_h8_8;0.60013;0.56309
background_h9_0;1.22133;0.59591
background_h9_1;1.12397;0.60623
background_h9_2;1.06512;0.62519
background_h9_3;0.99903;0.62473
background_h9_4;0.89383;0.67762
1D_0;1.07895;-1.00797
1D_1;1.06871;-0.94792
1D_2;1.05974;-0.88908
1D_3;1.02171;-0.89512
1D_4;0.99802;-0.9132
1D_5;0.9339;-0.92976
1D_6;0.89076;-0.92957
1D_7;0.9291;-0.85647
1D_8;0.88704;-0.86555
1D_9;0.83414;-0.89766
1D_10;0.84887;-0.86703
1D_11;0.79489;-0.85026
1D_12;0.74834;-0.87529
1D_13;0.7169;-0.84634
1D_14;0.74627;-0.77341
1D_15;0.69147;-0.81587
1D_16;0.66392;-0.80085
1D_17;0.78002;-0.69284
1D_18;0.61729;-0.7871
1D_19;0.624;-0.73905
1D_20;0.71918;-0.68109
1D_21;0.56969;-0.71892
1D_22;0.6302;-0.68606
1D_23;0.53746;-0.69575
1D_24;0.59311;-0.65856
1D_25;0.56118;-0.64377
1D_26;0.49458;-0.6138
1D_27;0.49394;-0.57199
1D_28;0.62424;-0.5776
1D_29;0.54342;-0.52435
1D_30;0.45274;-0.58071
1D_31;0.56406;-0.56254
1D_32;0.52155;-0.44437
1D_33;0.43777;-0.50969
1D_34;0.54045;-0.47123
1D_35;0.472;-0.45949
1D_36;0.39381;-0.44984
1D_37;0.40265;-0.39051
1D_38;0.46309;-0.42853
1D_39;0.43802;-0.36452
1D_40;0.47881;-0.30736
1D_41;0.49146;-0.34715
1D_42;0.4478;-0.30778
1D_43;0.52437;-0.34788
1D_44;0.38444;-0.30804
1D_45;0.42342;-0.33057
1D_46;0.58323;-0.21089
1D_47;0.39576;-0.23763
1D_48;0.45242;-0.26694
1D_49;0.48773;-0.23158
1D_50;0.43689;-0.22011
1D_51;0.4612;-0.08057
1D_52;0.57432;-0.14894
1D_53;0.40407;-0.15371
1D_54;0.46525;-0.16804
1D_55;0.36708;-0.0071
1D_56;0.40137;-0.11187
1D_57;0.45492;-0.02069
1D_58;0.48877;-0.12188
1D_59;0.3915;-0.07766
1D_60;0.42855;-0.05139
1D_61;0.44698;0.0241
1D_62;0.40726;-0.02769
1D_63;0.51544;-0.06634
1D_64;0.49409;-0.03224
1D_65;0.48678;0.01325
1D_66;0.51274;0.04963
1D_67;0.43032;0.06344
1D_68;0.68176;0.17088
1D_69;0.69536;0.04885
1D_70;0.60263;0.16601
1D_71;0.62723;0.00386
1D_72;0.57924;0.18696
1D_73;0.49035;0.07232
1D_74;0.50932;0.22477
1D_75;0.52337;0.19766
1D_76;0.53661;0.16713
1D_77;0.52318;0.1295
1D_78;0.63436;0.16725
1D_79;0.61682;0.10575
1D_80;0.60518;0.23106
1D_81;0.62852;0.33775
1D_82;0.64114;0.25361
1D_83;0.73878;0.25837
1D_84;0.72812;0.21257
1D_85;0.59563;0.35312
1D_86;0.57729;0.31333
1D_87;0.76912;0.28363
1D_88;0.69487;0.29745
1D_89;0.68701;0.35013
1D_90;0.65305;0.42707
1D_91;0.85884;0.41618
1D_92;0.64311;0.37105
1D_93;0.77949;0.39841
1D_94;0.82567;0.35985
1D_95;0.85248;0.4645
1D_96;0.71026;0.36022
1D_97;0.80133;0.45168
1D_98;0.68712;0.43529
1D_99;0.76357;0.43729
2D_0;1.03248;-1.02801
2D_1;1.04052;-1.03162
2D_2;1.0496;-1.02503
2D_3;1.0739;-1.01582
2D_4;1.0812;-1.00085
2D_5;1.06058;-0.987
2D_6;1.1;-0.96459
2D_7;1.09955;-0.96085
2D_8;1.09344;-0.92943
2D_9;1.05317;-0.9212
2D_10;1.05415;-0.87257
2D_11;1.02752;-0.87203
2D_12;0.97451;-0.93178
2D_13;0.98016;-0.87923
2D_14;0.95978;-0.89847
2D_15;0.92227;-0.94158
2D_16;0.88428;-0.90046
2D_17;0.85309;-0.9179
2D_18;0.87713;-0.83108
2D_19;0.82812;-0.80993
2D_20;0.79746;-0.87921
2D_21;0.78848;-0.81453
2D_22;0.74926;-0.80995
2D_23;0.79549;-0.77246
2D_24;0.73344;-0.73981
2D_25;0.76445;-0.72319
2D_26;0.69672;-0.74641
2D_27;0.67044;-0.7158
2D_28;0.73525;-0.62989
2D_29;0.64485;-0.63785
2D_30;0.67871;-0.61937
2D_31;0.61464;-0.62896
2D_32;0.5894;-0.52588
2D_33;0.66744;-0.57769
2D_34;0.66405;-0.53811
2D_35;0.63958;-0.45641
2D_36;0.61432;-0.50414
2D_37;0.49397;-0.48254
2D_38;0.55434;-0.41394
2D_39;0.59593;-0.38561
2D_40;0.61575;-0.34178
2D_41;0.53609;-0.24132
2D_42;0.67059;-0.33865
2D_43;0.61129;-0.28623
2D_44;0.53842;-0.18693
2D_45;0.56273;-0.2652
2D_46;0.60964;-0.13768
2D_47;0.54095;-0.15591
2D_48;0.70676;-0.13307
2D_49;0.65247;-0.11607
2D_50;0.54157;0.02029
2D_51;0.64329;-0.06759
2D_52;0.6637;-0.15257
2D_53;0.58016;0.10843
2D_54;0.65498;-0.02638
2D_55;0.57812;0.0561
2D_56;0.71092;0.13843
2D_57;0.65384;0.05995
2D_58;0.68807;0.08942
2D_59;0.77041;0.14982
2D_60;0.73543;0.10015
2D_61;0.61939;0.31005
2D_62;0.6726;0.10788
2D_63;0.75431;0.19867
2D_64;0.59515;0.27297
2D_65;0.66869;0.22155
2D_66;0.6933;0.25623
2D_67;0.75864;0.35861
2D_68;0.72093;0.43446
2D_69;0.78233;0.32651
2D_70;0.65683;0.30381
2D_71;0.79715;0.50528
2D_72;0.82461;0.41121
2D_73;0.6365;0.48659
2D_74;0.74236;0.48268
2D_75;0.74117;0.5946
2D_76;0.84776;0.54446
2D_77;0.93778;0.5778
2D_78;0.7854;0.5906
2D_79;0.89878;0.58857
2D_80;0.88441;0.52832
2D_81;0.77567;0.64773
2D_82;0.86334;0.69596
2D_83;0.95454;0.65149
2D_84;0.82109;0.72342
2D_85;0.8579;0.73827
2D_86;0.83106;0.66793
2D_87;0.78748;0.7069
2D_88;0.96846;0.73334
2D_89;0.92589;0.72414
2D_90;0.89607;0.75668
2D_91;0.96591;0.7789
2D_92;1.00076;0.80578
2D_93;1.01069;0.76665
2D_94;0.9476;0.80722
2D_95;1.03681;0.79904
2D_96;1.0518;0.83162
2D_97;1.01674;0.8378
2D_98;0.98473;0.83776
2D_99;1.0843;0.81607
