election_id;value
ID 0.5;10
IC 0.5;2
full;10
empty;0
background_id_0;1
background_id_1;3
background_id_2;5
background_id_3;6
background_id_4;8
background_id_5;10
background_id_6;10
background_id_7;10
background_id_8;10
background_id_9;10
background_id_10;10
background_id_11;10
background_id_12;10
background_id_13;10
background_id_14;10
background_id_15;10
background_id_16;10
background_id_17;10
background_id_18;10
background_id_19;10
background_id_20;10
background_id_21;10
background_id_22;10
background_id_23;10
background_id_24;10
background_id_25;10
background_id_26;10
background_id_27;10
background_id_28;10
background_ic_0;0
background_ic_1;1
background_ic_2;1
background_ic_3;1
background_ic_4;1
background_ic_5;1
background_ic_6;1
background_ic_7;1
background_ic_8;1
background_ic_9;2
background_ic_10;2
background_ic_11;2
background_ic_12;2
background_ic_13;2
background_ic_14;2
background_ic_15;3
background_ic_16;3
background_ic_17;3
background_ic_18;3
background_ic_19;4
background_ic_20;4
background_ic_21;4
background_ic_22;4
background_ic_23;5
background_ic_24;5
background_ic_25;6
background_ic_26;6
background_ic_27;8
background_ic_28;9
background_v1_0;1
background_v1_1;3
background_v1_2;3
background_v1_3;4
background_v1_4;4
background_v1_5;4
background_v1_6;4
background_v1_7;5
background_v1_8;5
background_v1_9;5
background_v1_10;5
background_v1_11;5
background_v1_12;5
background_v1_13;6
background_v1_14;6
background_v1_15;6
background_v1_16;6
background_v1_17;6
background_v1_18;6
background_v1_19;7
background_v1_20;7
background_v1_21;7
background_v1_22;8
background_v1_23;8
background_v1_24;8
background_v1_25;9
background_v1_26;9
background_v1_27;10
background_v1_28;10
background_v2_0;1
background_v2_1;2
background_v2_2;2
background_v2_3;2
background_v2_4;2
background_v2_5;3
background_v2_6;3
background_v2_7;3
background_v2_8;3
background_v2_9;3
background_v2_10;3
background_v2_11;3
background_v2_12;3
background_v2_13;4
background_v2_14;4
background_v2_15;4
background_v2_16;4
background_v2_17;4
background_v2_18;5
background_v2_19;5
background_v2_20;6
background_v2_21;6
background_v2_22;6
background_v2_23;6
background_v2_24;7
background_v2_25;7
background_v2_26;8
background_v2_27;9
background_v2_28;9
background_v3_0;1
background_v3_1;1
background_v3_2;1
background_v3_3;1
background_v3_4;2
background_v3_5;2
background_v3_6;2
background_v3_7;2
background_v3_8;2
background_v3_9;2
background_v3_10;2
background_v3_11;2
background_v3_12;3
background_v3_13;3
background_v3_14;3
background_v3_15;3
background_v3_16;3
background_v3_17;4
background_v3_18;4
background_v3_19;4
background_v3_20;4
background_v3_21;5
background_v3_22;5
background_v3_23;5
background_v3_24;6
background_v3_25;7
background_v3_26;7
background_v3_27;8
background_v3_28;9
background_h1_0;4
background_h1_1;3
background_h1_2;2
background_h1_3;2
background_h1_4;1
background_h2_0;6
background_h2_1;5
background_h2_2;4
background_h2_3;3
background_h2_4;2
background_h2_5;2
background_h2_6;2
background_h2_7;1
background_h2_8;1
background_h3_0;7
background_h3_1;6
background_h3_2;5
background_h3_3;4
background_h3_4;4
background_h3_5;3
background_h3_6;3
background_h3_7;2
background_h3_8;2
background_h3_9;2
background_h3_10;2
background_h3_11;2
background_h4_0;7
background_h4_1;7
background_h4_2;5
background_h4_3;5
background_h4_4;4
background_h4_5;4
background_h4_6;3
background_h4_7;3
background_h4_8;3
background_h4_9;3
background_h4_10;2
background_h4_11;2
background_h4_12;2
background_h5_0;8
background_h5_1;7
background_h5_2;6
background_h5_3;5
background_h5_4;5
background_h5_5;4
background_h5_6;4
background_h5_7;4
background_h5_8;4
background_h5_9;3
background_h5_10;3
background_h5_11;3
background_h5_12;3
background_h5_13;2
background_h6_0;9
background_h6_1;7
background_h6_2;7
background_h6_3;6
background_h6_4;6
background_h6_5;5
background_h6_6;4
background_h6_7;4
background_h6_8;4
background_h6_9;4
background_h6_10;3
background_h6_11;3
background_h6_12;3
background_h7_0;9
background_h7_1;8
background_h7_2;7
background_h7_3;7
background_h7_4;6
background_h7_5;5
background_h7_6;5
background_h7_7;5
background_h7_8;5
background_h7_9;4
background_h7_10;4
background_h7_11;4
background_h8_0;9
background_h8_1;8
background_h8_2;8
background_h8_3;7
background_h8_4;6
background_h8_5;6
background_h8_6;6
background_h8_7;5
background_h8_8;5
background_h9_0;9
background_h9_1;9
background_h9_2;8
background_h9_3;7
background_h9_4;7
1D_0;0
1D_1;0
1D_2;0
1D_3;1
1D_4;0
1D_5;1
1D_6;1
1D_7;1
1D_8;1
1D_9;1
1D_10;1
1D_11;1
1D_12;2
1D_13;1
1D_14;2
1D_15;2
1D_16;2
1D_17;2
1D_18;2
1D_19;2
1D_20;2
1D_21;2
1D_22;2
1D_23;2
1D_24;2
1D_25;3
1D_26;3
1D_27;3
1D_28;3
1D_29;3
1D_30;3
1D_31;3
1D_32;3
1D_33;3
1D_34;3
1D_35;4
1D_36;3
1D_37;4
1D_38;4
1D_39;4
1D_40;4
1D_41;4
1D_42;4
1D_43;4
1D_44;4
1D_45;4
1D_46;5
1D_47;4
1D_48;4
1D_49;5
1D_50;5
1D_51;5
1D_52;5
1D_53;5
1D_54;5
1D_55;5
1D_56;5
1D_57;5
1D_58;5
1D_59;5
1D_60;5
1D_61;5
1D_62;5
1D_63;5
1D_64;5
1D_65;5
1D_66;6
1D_67;6
1D_68;7
1D_69;6
1D_70;7
1D_71;6
1D_72;7
1D_73;6
1D_74;7
1D_75;7
1D_76;6
1D_77;6
1D_78;7
1D_79;7
1D_80;7
1D_81;7
1D_82;8
1D_83;8
1D_84;8
1D_85;7
1D_86;7
1D_87;8
1D_88;8
1D_89;8
1D_90;8
1D_91;8
1D_92;8
1D_93;8
1D_94;8
1D_95;9
1D_96;8
1D_97;9
1D_98;8
1D_99;9
2D_0;0
2D_1;0
2D_2;0
2D_3;0
2D_4;0
2D_5;0
2D_6;0
2D_7;0
2D_8;0
2D_9;0
2D_10;0
2D_11;1
2D_12;1
2D_13;1
2D_14;1
2D_15;1
2D_16;1
2D_17;1
2D_18;1
2D_19;1
2D_20;1
2D_21;1
2D_22;1
2D_23;2
2D_24;2
2D_25;2
2D_26;2
2D_27;2
2D_28;2
2D_29;2
2D_30;2
2D_31;2
2D_32;3
2D_33;2
2D_34;3
2D_35;3
2D_36;3
2D_37;3
2D_38;3
2D_39;3
2D_40;4
2D_41;5
2D_42;5
2D_43;4
2D_44;4
2D_45;4
2D_46;5
2D_47;5
2D_48;5
2D_49;5
2D_50;6
2D_51;5
2D_52;5
2D_53;6
2D_54;6
2D_55;6
2D_56;7
2D_57;6
2D_58;6
2D_59;7
2D_60;7
2D_61;7
2D_62;7
2D_63;7
2D_64;7
2D_65;7
2D_66;7
2D_67;8
2D_68;8
2D_69;8
2D_70;7
2D_71;8
2D_72;9
2D_73;9
2D_74;9
2D_75;9
2D_76;8
2D_77;9
2D_78;9
2D_79;10
2D_80;9
2D_81;9
2D_82;9
2D_83;10
2D_84;10
2D_85;10
2D_86;9
2D_87;9
2D_88;10
2D_89;10
2D_90;10
2D_91;10
2D_92;10
2D_93;10
2D_94;10
2D_95;10
2D_96;10
2D_97;10
2D_98;10
2D_99;10
