instance_id;x;y
ID;1.06102;-0.97148
UN;0.91464;-0.97148
AN;0.97016;-0.93023
ST;1.01075;-1.04273
Impartial Culture_0;0.91608;-1.00494
Impartial Culture_1;0.91648;-1.00741
Impartial Culture_2;0.91605;-1.00394
Impartial Culture_3;0.91614;-1.00365
Impartial Culture_4;0.91687;-1.00959
Impartial Culture_5;0.91589;-1.00216
Impartial Culture_6;0.91567;-1.00032
Impartial Culture_7;0.91604;-1.00318
Impartial Culture_8;0.9166;-1.00727
Impartial Culture_9;0.91572;-1.00064
Impartial Culture_10;0.91608;-1.00355
Impartial Culture_11;0.91642;-1.00733
Impartial Culture_12;0.91642;-1.00608
Impartial Culture_13;0.91629;-1.00616
Impartial Culture_14;0.91594;-1.00376
Impartial Culture_15;0.91633;-1.00679
Impartial Culture_16;0.91651;-1.0066
Impartial Culture_17;0.91634;-1.00621
Impartial Culture_18;0.91652;-1.00641
Impartial Culture_19;0.91556;-0.99883
SP by Conitzer_0;0.95346;-1.05021
SP by Conitzer_1;0.95379;-1.0473
SP by Conitzer_2;0.95046;-1.04189
SP by Conitzer_3;0.95968;-1.04754
SP by Conitzer_4;0.95004;-1.033
SP by Conitzer_5;0.95366;-1.04512
SP by Conitzer_6;0.94975;-1.02973
SP by Conitzer_7;0.94932;-1.02417
SP by Conitzer_8;0.95026;-1.031
SP by Conitzer_9;0.94994;-1.02982
SP by Conitzer_10;0.94958;-1.0154
SP by Conitzer_11;0.95153;-1.04212
SP by Conitzer_12;0.94999;-1.03952
SP by Conitzer_13;0.94948;-1.02434
SP by Conitzer_14;0.94949;-1.0302
SP by Conitzer_15;0.95203;-1.04891
SP by Conitzer_16;0.95602;-1.05044
SP by Conitzer_17;0.95104;-1.03317
SP by Conitzer_18;0.95343;-1.04761
SP by Conitzer_19;0.9495;-1.01746
SP by Walsh_0;1.04689;-1.02069
SP by Walsh_1;1.04752;-1.01958
SP by Walsh_2;1.0482;-1.01826
SP by Walsh_3;1.04824;-1.01782
SP by Walsh_4;1.04691;-1.02109
SP by Walsh_5;1.04848;-1.01749
SP by Walsh_6;1.04668;-1.02157
SP by Walsh_7;1.04795;-1.01857
SP by Walsh_8;1.04849;-1.01748
SP by Walsh_9;1.04811;-1.01846
SP by Walsh_10;1.04749;-1.01992
SP by Walsh_11;1.04853;-1.01744
SP by Walsh_12;1.04709;-1.02051
SP by Walsh_13;1.04685;-1.02122
SP by Walsh_14;1.04833;-1.01768
SP by Walsh_15;1.04725;-1.02023
SP by Walsh_16;1.04726;-1.02014
SP by Walsh_17;1.04771;-1.01938
SP by Walsh_18;1.04612;-1.02282
SP by Walsh_19;1.04945;-1.01497
SPOC_0;0.91549;-1.00217
SPOC_1;0.91686;-0.99395
SPOC_2;0.9172;-1.00077
SPOC_3;0.9199;-1.02337
SPOC_4;0.9169;-1.00779
SPOC_5;0.91517;-0.98649
SPOC_6;0.91473;-0.98755
SPOC_7;0.915;-0.99052
SPOC_8;0.91553;-1.00055
SPOC_9;0.91924;-1.0196
SPOC_10;0.92055;-1.02778
SPOC_11;0.91691;-1.00811
SPOC_12;0.91603;-0.99989
SPOC_13;0.91782;-1.01125
SPOC_14;0.91632;-1.00225
SPOC_15;0.91496;-0.98274
SPOC_16;0.91655;-1.0022
SPOC_17;0.91613;-1.00165
SPOC_18;0.92423;-1.04233
SPOC_19;0.91863;-1.01204
Single-Crossing_0;0.98665;-1.07889
Single-Crossing_1;0.98268;-1.08085
Single-Crossing_2;0.98444;-1.07592
Single-Crossing_3;0.98474;-1.08169
Single-Crossing_4;0.98441;-1.08088
Single-Crossing_5;0.98964;-1.08148
Single-Crossing_6;0.97743;-1.07581
Single-Crossing_7;0.98537;-1.08015
Single-Crossing_8;0.9906;-1.08388
Single-Crossing_9;0.98;-1.07659
Single-Crossing_10;0.98246;-1.07415
Single-Crossing_11;0.97886;-1.07529
Single-Crossing_12;0.98384;-1.0788
Single-Crossing_13;0.97901;-1.07793
Single-Crossing_14;0.9854;-1.07733
Single-Crossing_15;0.98838;-1.07782
Single-Crossing_16;0.9835;-1.08159
Single-Crossing_17;0.98503;-1.08161
Single-Crossing_18;0.98166;-1.0772
Single-Crossing_19;0.98087;-1.07795
1D Uniform_0;0.95053;-1.04001
1D Uniform_1;0.95162;-1.02644
1D Uniform_2;0.95211;-1.03852
1D Uniform_3;0.94822;-1.02285
1D Uniform_4;0.9501;-1.03587
1D Uniform_5;0.95406;-1.04593
1D Uniform_6;0.95324;-1.03708
1D Uniform_7;0.94923;-1.02146
1D Uniform_8;0.95102;-1.02042
1D Uniform_9;0.95182;-1.03605
1D Uniform_10;0.95518;-1.05069
1D Uniform_11;0.95119;-1.0479
1D Uniform_12;0.95728;-1.03898
1D Uniform_13;0.94908;-1.01618
1D Uniform_14;0.95205;-1.03398
1D Uniform_15;0.94957;-1.0279
1D Uniform_16;0.95481;-1.02356
1D Uniform_17;0.9502;-1.03786
1D Uniform_18;0.95132;-1.04681
1D Uniform_19;0.95123;-1.02563
2D Uniform_0;0.94365;-1.06604
2D Uniform_1;0.94546;-1.07214
2D Uniform_2;0.94498;-1.07425
2D Uniform_3;0.95043;-1.08204
2D Uniform_4;0.94625;-1.07809
2D Uniform_5;0.94164;-1.06047
2D Uniform_6;0.94247;-1.06809
2D Uniform_7;0.9441;-1.07128
2D Uniform_8;0.94031;-1.06022
2D Uniform_9;0.95347;-1.0856
2D Uniform_10;0.94465;-1.07259
2D Uniform_11;0.94355;-1.07517
2D Uniform_12;0.94815;-1.07975
2D Uniform_13;0.94248;-1.0715
2D Uniform_14;0.94548;-1.07917
2D Uniform_15;0.94357;-1.07518
2D Uniform_16;0.94047;-1.06647
2D Uniform_17;0.94395;-1.07029
2D Uniform_18;0.94974;-1.0791
2D Uniform_19;0.94041;-1.06227
3D Uniform_0;0.9482;-1.08745
3D Uniform_1;0.94689;-1.08715
3D Uniform_2;0.9391;-1.07739
3D Uniform_3;0.9399;-1.07694
3D Uniform_4;0.95129;-1.09121
3D Uniform_5;0.94431;-1.08495
3D Uniform_6;0.94657;-1.08876
3D Uniform_7;0.9464;-1.0922
3D Uniform_8;0.93857;-1.07592
3D Uniform_9;0.94395;-1.08665
3D Uniform_10;0.94761;-1.09005
3D Uniform_11;0.94367;-1.0857
3D Uniform_12;0.94183;-1.08555
3D Uniform_13;0.94226;-1.07868
3D Uniform_14;0.94736;-1.08588
3D Uniform_15;0.94202;-1.0818
3D Uniform_16;0.94182;-1.082
3D Uniform_17;0.94306;-1.08114
3D Uniform_18;0.94726;-1.0922
3D Uniform_19;0.94563;-1.08878
5D Uniform_0;0.94249;-1.09035
5D Uniform_1;0.94443;-1.09092
5D Uniform_2;0.94449;-1.09279
5D Uniform_3;0.94075;-1.08726
5D Uniform_4;0.94071;-1.08719
5D Uniform_5;0.93724;-1.07981
5D Uniform_6;0.94305;-1.09033
5D Uniform_7;0.94076;-1.08875
5D Uniform_8;0.94109;-1.08866
5D Uniform_9;0.94264;-1.09175
5D Uniform_10;0.94612;-1.09511
5D Uniform_11;0.94981;-1.09732
5D Uniform_12;0.94153;-1.08907
5D Uniform_13;0.94389;-1.09245
5D Uniform_14;0.94116;-1.089
5D Uniform_15;0.94184;-1.08963
5D Uniform_16;0.94205;-1.08965
5D Uniform_17;0.94148;-1.08907
5D Uniform_18;0.93966;-1.08647
5D Uniform_19;0.9442;-1.09328
10D Uniform_0;0.94433;-1.09604
10D Uniform_1;0.94544;-1.09624
10D Uniform_2;0.94491;-1.0965
10D Uniform_3;0.94391;-1.09417
10D Uniform_4;0.94657;-1.09847
10D Uniform_5;0.94778;-1.09855
10D Uniform_6;0.93964;-1.08822
10D Uniform_7;0.9436;-1.09474
10D Uniform_8;0.94049;-1.09081
10D Uniform_9;0.94232;-1.09134
10D Uniform_10;0.94271;-1.09318
10D Uniform_11;0.94321;-1.09432
10D Uniform_12;0.94576;-1.09706
10D Uniform_13;0.94433;-1.09546
10D Uniform_14;0.9476;-1.09869
10D Uniform_15;0.94205;-1.0914
10D Uniform_16;0.94046;-1.0891
10D Uniform_17;0.94167;-1.09176
10D Uniform_18;0.93713;-1.08248
10D Uniform_19;0.9418;-1.09217
20D Uniform_0;0.94222;-1.09324
20D Uniform_1;0.94664;-1.09899
20D Uniform_2;0.94327;-1.09418
20D Uniform_3;0.94145;-1.08977
20D Uniform_4;0.9397;-1.08899
20D Uniform_5;0.94026;-1.08999
20D Uniform_6;0.94257;-1.09316
20D Uniform_7;0.94112;-1.08926
20D Uniform_8;0.94841;-1.09882
20D Uniform_9;0.94533;-1.09696
20D Uniform_10;0.93743;-1.08409
20D Uniform_11;0.94346;-1.09538
20D Uniform_12;0.93775;-1.0848
20D Uniform_13;0.9434;-1.09441
20D Uniform_14;0.93327;-1.07315
20D Uniform_15;0.93507;-1.07871
20D Uniform_16;0.94843;-1.10011
20D Uniform_17;0.94322;-1.09398
20D Uniform_18;0.94327;-1.09429
20D Uniform_19;0.94477;-1.09669
2D Sphere_0;0.91847;-0.98897
2D Sphere_1;0.91853;-0.9923
2D Sphere_2;0.9162;-0.99616
2D Sphere_3;0.92151;-1.01967
2D Sphere_4;0.91946;-1.01649
2D Sphere_5;0.9175;-0.99138
2D Sphere_6;0.91657;-1.00121
2D Sphere_7;0.92017;-1.02121
2D Sphere_8;0.9185;-1.01402
2D Sphere_9;0.91641;-0.99537
2D Sphere_10;0.9173;-0.98956
2D Sphere_11;0.91716;-1.00035
2D Sphere_12;0.9193;-0.99674
2D Sphere_13;0.91671;-0.99065
2D Sphere_14;0.9166;-0.99918
2D Sphere_15;0.91656;-0.99878
2D Sphere_16;0.91839;-1.00389
2D Sphere_17;0.91759;-0.9855
2D Sphere_18;0.91718;-0.98588
2D Sphere_19;0.91639;-0.99263
3D Sphere_0;0.91584;-1.00054
3D Sphere_1;0.91513;-0.98989
3D Sphere_2;0.91555;-0.99726
3D Sphere_3;0.91591;-0.99473
3D Sphere_4;0.91786;-1.00405
3D Sphere_5;0.91603;-0.98826
3D Sphere_6;0.91631;-0.99738
3D Sphere_7;0.91618;-1.0042
3D Sphere_8;0.91607;-1.00485
3D Sphere_9;0.91942;-1.02135
3D Sphere_10;0.91625;-1.0044
3D Sphere_11;0.91998;-1.02408
3D Sphere_12;0.91727;-1.00627
3D Sphere_13;0.91725;-1.01184
3D Sphere_14;0.91586;-0.99883
3D Sphere_15;0.9163;-0.99776
3D Sphere_16;0.92025;-1.02626
3D Sphere_17;0.91743;-1.01385
3D Sphere_18;0.91608;-0.99641
3D Sphere_19;0.91686;-0.98831
5D Sphere_0;0.91546;-0.99666
5D Sphere_1;0.91608;-1.00502
5D Sphere_2;0.91776;-1.01672
5D Sphere_3;0.91659;-1.00582
5D Sphere_4;0.91789;-1.01503
5D Sphere_5;0.91565;-0.99296
5D Sphere_6;0.91658;-1.00703
5D Sphere_7;0.91704;-1.00641
5D Sphere_8;0.91767;-1.01421
5D Sphere_9;0.91713;-1.00994
5D Sphere_10;0.91533;-0.98721
5D Sphere_11;0.91559;-0.99808
5D Sphere_12;0.91598;-1.00528
5D Sphere_13;0.91538;-0.98883
5D Sphere_14;0.91518;-0.98264
5D Sphere_15;0.91582;-1.00007
5D Sphere_16;0.91688;-1.00994
5D Sphere_17;0.91732;-1.01362
5D Sphere_18;0.91528;-0.99311
5D Sphere_19;0.91526;-0.99032
GS Balanced_0;0.92679;-1.01429
GS Balanced_1;0.92767;-1.00928
GS Balanced_2;0.92574;-1.00465
GS Balanced_3;0.9247;-0.99793
GS Balanced_4;0.9258;-0.99548
GS Balanced_5;0.92687;-1.009
GS Balanced_6;0.9251;-0.99773
GS Balanced_7;0.92604;-0.99963
GS Balanced_8;0.92514;-0.99742
GS Balanced_9;0.92603;-1.00225
GS Balanced_10;0.92551;-1.00532
GS Balanced_11;0.92556;-0.99933
GS Balanced_12;0.92577;-1.00047
GS Balanced_13;0.92404;-0.98614
GS Balanced_14;0.92596;-1.00642
GS Balanced_15;0.92421;-0.9926
GS Balanced_16;0.92586;-0.99436
GS Balanced_17;0.92432;-0.98424
GS Balanced_18;0.92512;-1.00307
GS Balanced_19;0.92443;-0.99548
GS Caterpillar_0;0.9661;-0.95624
GS Caterpillar_1;0.96558;-0.95721
GS Caterpillar_2;0.96511;-0.95855
GS Caterpillar_3;0.96541;-0.95839
GS Caterpillar_4;0.96558;-0.96287
GS Caterpillar_5;0.9644;-0.96009
GS Caterpillar_6;0.9659;-0.95906
GS Caterpillar_7;0.96425;-0.95863
GS Caterpillar_8;0.96439;-0.95998
GS Caterpillar_9;0.96533;-0.95966
GS Caterpillar_10;0.96521;-0.9606
GS Caterpillar_11;0.96529;-0.95904
GS Caterpillar_12;0.96496;-0.96225
GS Caterpillar_13;0.96591;-0.95945
GS Caterpillar_14;0.96516;-0.95679
GS Caterpillar_15;0.96607;-0.96025
GS Caterpillar_16;0.96533;-0.9603
GS Caterpillar_17;0.96477;-0.96098
GS Caterpillar_18;0.96531;-0.95782
GS Caterpillar_19;0.9648;-0.96228
Urn_0;0.98613;-1.05205
Urn_1;1.02755;-1.01901
Urn_2;1.02003;-1.02901
Urn_3;0.94428;-1.05768
Urn_4;0.95165;-1.05427
Urn_5;0.9718;-1.06758
Urn_6;1.01921;-1.02796
Urn_7;0.98842;-1.0474
Urn_8;0.95114;-1.0586
Urn_9;1.06102;-0.97148
Urn_10;0.99404;-1.05153
Urn_11;1.0215;-1.02591
Urn_12;0.97021;-1.05877
Urn_13;1.01128;-1.03258
Urn_14;0.96069;-1.06695
Urn_15;0.95238;-1.05663
Urn_16;0.94497;-1.05371
Urn_17;0.94895;-1.05698
Urn_18;0.97979;-1.04471
Urn_19;0.95735;-1.05786
Urn_20;1.05983;-0.97388
Urn_21;0.9471;-1.06221
Urn_22;0.97551;-1.05347
Urn_23;0.92072;-1.02259
Urn_24;0.96915;-1.05898
Urn_25;0.94582;-1.05759
Urn_26;0.96542;-1.06389
Urn_27;0.96186;-1.06095
Urn_28;0.96068;-1.04943
Urn_29;0.98247;-1.04198
Urn_30;0.91632;-1.00607
Urn_31;1.01008;-1.03491
Urn_32;1.00406;-1.04382
Urn_33;0.98634;-1.05126
Urn_34;0.99277;-1.05147
Urn_35;0.98125;-1.05399
Urn_36;1.05698;-0.97917
Urn_37;0.92548;-1.03131
Urn_38;0.96052;-1.05551
Urn_39;1.04556;-0.99821
Urn_40;1.04579;-0.99668
Urn_41;0.9496;-1.05321
Urn_42;1.03282;-1.01625
Urn_43;1.05429;-0.98423
Urn_44;1.02608;-1.02068
Urn_45;0.99286;-1.04464
Urn_46;0.94309;-1.0474
Urn_47;0.98645;-1.05374
Urn_48;0.99141;-1.0538
Urn_49;0.95622;-1.06845
Urn_50;0.95552;-1.05783
Urn_51;0.92742;-1.03459
Urn_52;0.96809;-1.06212
Urn_53;0.97016;-1.05888
Urn_54;0.99701;-1.0322
Urn_55;0.98711;-1.05201
Urn_56;0.96769;-1.06467
Urn_57;1.02008;-1.02777
Urn_58;0.99521;-1.02143
Urn_59;1.01458;-1.02588
Urn_60;1.02635;-1.02213
Urn_61;0.9283;-1.03855
Urn_62;0.97281;-1.05745
Urn_63;1.00882;-1.04005
Urn_64;1.04842;-0.99292
Urn_65;0.99973;-1.04096
Urn_66;0.93507;-1.04474
Urn_67;0.96349;-1.05035
Urn_68;0.96019;-1.06454
Urn_69;0.95894;-1.06888
Urn_70;0.96014;-1.05845
Urn_71;0.96149;-1.04686
Urn_72;0.99071;-1.04541
Urn_73;1.01672;-1.03268
Urn_74;0.95912;-1.05427
Urn_75;0.99894;-1.0473
Urn_76;0.92347;-1.02848
Urn_77;0.98397;-1.0571
Urn_78;1.02663;-1.018
Urn_79;0.97136;-1.05381
Norm-Mallows_0;0.99397;-1.09181
Norm-Mallows_1;0.99209;-1.09284
Norm-Mallows_2;0.94551;-1.09487
Norm-Mallows_3;0.9606;-1.10149
Norm-Mallows_4;0.9165;-1.00811
Norm-Mallows_5;1.03985;-1.03544
Norm-Mallows_6;1.05852;-0.98175
Norm-Mallows_7;0.9235;-1.04202
Norm-Mallows_8;0.92001;-1.02707
Norm-Mallows_9;0.97187;-1.10187
Norm-Mallows_10;0.93783;-1.08282
Norm-Mallows_11;0.91641;-1.00825
Norm-Mallows_12;0.94472;-1.09301
Norm-Mallows_13;0.96532;-1.10334
Norm-Mallows_14;0.92932;-1.06197
Norm-Mallows_15;0.9835;-1.09834
Norm-Mallows_16;1.02434;-1.05977
Norm-Mallows_17;1.05374;-1.00043
Norm-Mallows_18;1.0013;-1.08563
Norm-Mallows_19;1.02116;-1.06406
Norm-Mallows_20;1.05045;-1.01103
Norm-Mallows_21;0.97345;-1.10213
Norm-Mallows_22;1.05189;-1.00642
Norm-Mallows_23;1.04608;-1.02243
Norm-Mallows_24;0.95423;-1.10085
Norm-Mallows_25;0.95744;-1.10259
Norm-Mallows_26;1.02747;-1.05537
Norm-Mallows_27;1.0592;-0.97894
Norm-Mallows_28;1.02905;-1.05305
Norm-Mallows_29;0.92128;-1.03209
Norm-Mallows_30;0.99954;-1.08737
Norm-Mallows_31;1.03435;-1.04486
Norm-Mallows_32;0.94404;-1.09389
Norm-Mallows_33;1.04188;-1.0314
Norm-Mallows_34;0.91758;-1.01347
Norm-Mallows_35;0.91796;-1.01717
Norm-Mallows_36;0.9641;-1.10275
Norm-Mallows_37;0.96145;-1.10197
Norm-Mallows_38;0.94473;-1.0943
Norm-Mallows_39;1.02839;-1.0539
Norm-Mallows_40;1.04908;-1.01465
Norm-Mallows_41;1.01439;-1.07161
Norm-Mallows_42;0.95057;-1.0986
Norm-Mallows_43;0.94846;-1.0974
Norm-Mallows_44;1.05881;-0.98059
Norm-Mallows_45;0.96054;-1.10265
Norm-Mallows_46;0.98058;-1.09978
Norm-Mallows_47;1.05477;-0.99675
Norm-Mallows_48;1.01805;-1.06751
Norm-Mallows_49;1.05337;-1.00169
Norm-Mallows_50;0.99851;-1.08822
Norm-Mallows_51;1.03849;-1.03795
Norm-Mallows_52;0.91612;-1.00573
Norm-Mallows_53;1.04076;-1.03361
Norm-Mallows_54;0.9369;-1.08214
Norm-Mallows_55;0.96989;-1.10311
Norm-Mallows_56;0.99206;-1.09339
Norm-Mallows_57;1.01905;-1.06686
Norm-Mallows_58;0.99184;-1.09305
Norm-Mallows_59;0.91972;-1.02533
Norm-Mallows_60;0.98232;-1.09898
Norm-Mallows_61;1.0147;-1.07134
Norm-Mallows_62;1.05412;-0.99905
Norm-Mallows_63;1.0364;-1.04151
Norm-Mallows_64;0.98481;-1.09773
Norm-Mallows_65;1.04907;-1.01484
Norm-Mallows_66;0.9205;-1.02948
Norm-Mallows_67;0.94332;-1.09156
Norm-Mallows_68;0.98061;-1.09974
Norm-Mallows_69;0.92247;-1.03817
Norm-Mallows_70;1.00035;-1.08668
Norm-Mallows_71;0.92907;-1.06075
Norm-Mallows_72;1.04358;-1.0281
Norm-Mallows_73;0.91719;-1.01202
Norm-Mallows_74;0.98159;-1.09916
Norm-Mallows_75;1.05108;-1.00906
Norm-Mallows_76;0.94744;-1.09634
Norm-Mallows_77;0.93304;-1.07213
Norm-Mallows_78;1.05166;-1.0073
Norm-Mallows_79;0.9574;-1.1026
ANID_0;1.05591;-0.97785
ANID_1;1.05053;-0.98305
ANID_2;1.04501;-0.9873
ANID_3;1.03946;-0.99067
ANID_4;1.03388;-0.99319
ANID_5;1.02835;-0.99485
ANID_6;1.0229;-0.9959
ANID_7;1.01752;-0.99593
ANID_8;1.0123;-0.99516
ANID_9;1.00724;-0.99357
ANID_10;1.00241;-0.99122
ANID_11;0.99778;-0.98801
ANID_12;0.99339;-0.98413
ANID_13;0.98919;-0.97961
ANID_14;0.98536;-0.97401
ANID_15;0.98188;-0.96792
ANID_16;0.97877;-0.96109
ANID_17;0.97602;-0.95357
ANID_18;0.97369;-0.94576
ANID_19;0.97177;-0.9379
STID_0;1.05842;-0.97956
STID_1;1.05556;-0.98754
STID_2;1.05254;-0.99548
STID_3;1.04935;-1.0033
STID_4;1.04605;-1.01096
STID_5;1.04264;-1.01841
STID_6;1.03915;-1.02559
STID_7;1.03565;-1.03242
STID_8;1.0322;-1.03875
STID_9;1.02898;-1.04444
STID_10;1.02627;-1.04873
STID_11;1.02408;-1.05158
STID_12;1.02218;-1.05342
STID_13;1.02042;-1.05428
STID_14;1.01877;-1.05444
STID_15;1.01719;-1.05397
STID_16;1.01569;-1.05291
STID_17;1.01428;-1.05125
STID_18;1.01298;-1.04897
STID_19;1.01179;-1.04611
ANUN_0;0.91496;-0.97295
ANUN_1;0.91587;-0.97408
ANUN_2;0.91732;-0.97497
ANUN_3;0.91927;-0.9756
ANUN_4;0.92161;-0.97593
ANUN_5;0.92421;-0.97588
ANUN_6;0.92703;-0.97549
ANUN_7;0.92999;-0.97468
ANUN_8;0.93303;-0.97341
ANUN_9;0.93611;-0.97168
ANUN_10;0.93923;-0.96964
ANUN_11;0.94237;-0.96704
ANUN_12;0.94547;-0.96408
ANUN_13;0.94853;-0.96071
ANUN_14;0.95161;-0.95705
ANUN_15;0.95468;-0.95315
ANUN_16;0.95776;-0.94902
ANUN_17;0.96087;-0.9447
ANUN_18;0.96405;-0.94017
ANUN_19;0.96712;-0.93533
STUN_0;0.91451;-0.98455
STUN_1;0.9156;-0.99733
STUN_2;0.91791;-1.00963
STUN_3;0.9212;-1.02108
STUN_4;0.9251;-1.03141
STUN_5;0.92956;-1.04057
STUN_6;0.93426;-1.0483
STUN_7;0.93926;-1.05474
STUN_8;0.94445;-1.06006
STUN_9;0.94976;-1.06405
STUN_10;0.95513;-1.06677
STUN_11;0.96064;-1.06858
STUN_12;0.96616;-1.0691
STUN_13;0.97177;-1.06874
STUN_14;0.97743;-1.06735
STUN_15;0.98306;-1.06507
STUN_16;0.98869;-1.06202
STUN_17;0.99428;-1.05824
STUN_18;0.99985;-1.05373
STUN_19;1.00537;-1.04856
