instance_id;x;y
ID;-0.09186;0.13665
UN;-0.10935;0.13665
AN;-0.10355;0.12815
ST;-0.09454;0.13353
Impartial Culture_0;-0.10952;0.13675
Impartial Culture_1;-0.10949;0.13662
Impartial Culture_2;-0.10952;0.13679
Impartial Culture_3;-0.10951;0.13677
Impartial Culture_4;-0.10945;0.1365
Impartial Culture_5;-0.10951;0.13679
Impartial Culture_6;-0.1095;0.1368
Impartial Culture_7;-0.10951;0.13679
Impartial Culture_8;-0.10948;0.13661
Impartial Culture_9;-0.1095;0.1368
Impartial Culture_10;-0.10951;0.13678
Impartial Culture_11;-0.1095;0.13663
Impartial Culture_12;-0.10951;0.1367
Impartial Culture_13;-0.10951;0.1367
Impartial Culture_14;-0.10952;0.13679
Impartial Culture_15;-0.10951;0.13667
Impartial Culture_16;-0.10949;0.13664
Impartial Culture_17;-0.10951;0.1367
Impartial Culture_18;-0.10949;0.13665
Impartial Culture_19;-0.10949;0.1368
SP by Conitzer_0;-0.10361;0.12439
SP by Conitzer_1;-0.10359;0.12442
SP by Conitzer_2;-0.10373;0.12436
SP by Conitzer_3;-0.10315;0.12471
SP by Conitzer_4;-0.10371;0.12439
SP by Conitzer_5;-0.10356;0.12444
SP by Conitzer_6;-0.10371;0.12479
SP by Conitzer_7;-0.10371;0.12524
SP by Conitzer_8;-0.10371;0.1244
SP by Conitzer_9;-0.10371;0.1244
SP by Conitzer_10;-0.10372;0.12538
SP by Conitzer_11;-0.10371;0.12437
SP by Conitzer_12;-0.10373;0.12436
SP by Conitzer_13;-0.10371;0.12523
SP by Conitzer_14;-0.10371;0.1244
SP by Conitzer_15;-0.10369;0.12437
SP by Conitzer_16;-0.1034;0.12454
SP by Conitzer_17;-0.1037;0.12441
SP by Conitzer_18;-0.10361;0.12442
SP by Conitzer_19;-0.10371;0.12534
SP by Walsh_0;-0.09214;0.13633
SP by Walsh_1;-0.09208;0.1364
SP by Walsh_2;-0.09202;0.13646
SP by Walsh_3;-0.09204;0.13644
SP by Walsh_4;-0.09218;0.13628
SP by Walsh_5;-0.09202;0.13646
SP by Walsh_6;-0.09221;0.13625
SP by Walsh_7;-0.09205;0.13643
SP by Walsh_8;-0.09202;0.13646
SP by Walsh_9;-0.09203;0.13646
SP by Walsh_10;-0.09208;0.1364
SP by Walsh_11;-0.09202;0.13646
SP by Walsh_12;-0.09214;0.13633
SP by Walsh_13;-0.09218;0.13628
SP by Walsh_14;-0.09203;0.13645
SP by Walsh_15;-0.09213;0.13634
SP by Walsh_16;-0.09209;0.13638
SP by Walsh_17;-0.09205;0.13643
SP by Walsh_18;-0.09223;0.13622
SP by Walsh_19;-0.09197;0.13652
SPOC_0;-0.10951;0.13682
SPOC_1;-0.10927;0.13652
SPOC_2;-0.10943;0.1367
SPOC_3;-0.10926;0.13595
SPOC_4;-0.10948;0.13661
SPOC_5;-0.10926;0.13652
SPOC_6;-0.10934;0.13664
SPOC_7;-0.10939;0.13671
SPOC_8;-0.10949;0.13681
SPOC_9;-0.10937;0.13626
SPOC_10;-0.10919;0.13575
SPOC_11;-0.10945;0.13654
SPOC_12;-0.10948;0.13678
SPOC_13;-0.10943;0.13646
SPOC_14;-0.10947;0.13673
SPOC_15;-0.10925;0.1365
SPOC_16;-0.10946;0.13672
SPOC_17;-0.1095;0.1368
SPOC_18;-0.10873;0.13455
SPOC_19;-0.1094;0.1364
Single-Crossing_0;-0.09895;0.1283
Single-Crossing_1;-0.09917;0.12805
Single-Crossing_2;-0.09912;0.12811
Single-Crossing_3;-0.09903;0.12821
Single-Crossing_4;-0.09908;0.12816
Single-Crossing_5;-0.09882;0.12846
Single-Crossing_6;-0.09957;0.1276
Single-Crossing_7;-0.09901;0.12824
Single-Crossing_8;-0.09872;0.12858
Single-Crossing_9;-0.09929;0.12791
Single-Crossing_10;-0.09917;0.12805
Single-Crossing_11;-0.09943;0.12775
Single-Crossing_12;-0.09913;0.1281
Single-Crossing_13;-0.09941;0.12776
Single-Crossing_14;-0.09901;0.12824
Single-Crossing_15;-0.09888;0.1284
Single-Crossing_16;-0.09917;0.12805
Single-Crossing_17;-0.09901;0.12824
Single-Crossing_18;-0.09924;0.12797
Single-Crossing_19;-0.09926;0.12795
1D Uniform_0;-0.10372;0.12436
1D Uniform_1;-0.10368;0.12524
1D Uniform_2;-0.10368;0.1244
1D Uniform_3;-0.10372;0.12521
1D Uniform_4;-0.10373;0.12437
1D Uniform_5;-0.10358;0.12444
1D Uniform_6;-0.10358;0.12447
1D Uniform_7;-0.10371;0.12526
1D Uniform_8;-0.10368;0.12535
1D Uniform_9;-0.10367;0.12442
1D Uniform_10;-0.10351;0.12445
1D Uniform_11;-0.10373;0.12435
1D Uniform_12;-0.1034;0.12514
1D Uniform_13;-0.10372;0.12538
1D Uniform_14;-0.10369;0.12442
1D Uniform_15;-0.10371;0.12509
1D Uniform_16;-0.10356;0.1254
1D Uniform_17;-0.10373;0.12437
1D Uniform_18;-0.10373;0.12435
1D Uniform_19;-0.10369;0.12523
2D Uniform_0;-0.10394;0.1235
2D Uniform_1;-0.10391;0.12344
2D Uniform_2;-0.10395;0.12326
2D Uniform_3;-0.10362;0.12332
2D Uniform_4;-0.10395;0.12311
2D Uniform_5;-0.10401;0.1236
2D Uniform_6;-0.10399;0.12347
2D Uniform_7;-0.10394;0.12339
2D Uniform_8;-0.10412;0.12365
2D Uniform_9;-0.10344;0.12346
2D Uniform_10;-0.10394;0.12335
2D Uniform_11;-0.10403;0.123
2D Uniform_12;-0.10383;0.12319
2D Uniform_13;-0.10404;0.12323
2D Uniform_14;-0.104;0.12294
2D Uniform_15;-0.10403;0.12307
2D Uniform_16;-0.10419;0.1234
2D Uniform_17;-0.10394;0.12342
2D Uniform_18;-0.10367;0.12336
2D Uniform_19;-0.10413;0.12362
3D Uniform_0;-0.10384;0.12293
3D Uniform_1;-0.10394;0.12283
3D Uniform_2;-0.1043;0.12317
3D Uniform_3;-0.10426;0.12311
3D Uniform_4;-0.10361;0.12313
3D Uniform_5;-0.10408;0.12276
3D Uniform_6;-0.10388;0.12287
3D Uniform_7;-0.10395;0.12275
3D Uniform_8;-0.1043;0.1232
3D Uniform_9;-0.10409;0.12271
3D Uniform_10;-0.1039;0.12281
3D Uniform_11;-0.10409;0.12275
3D Uniform_12;-0.10418;0.12275
3D Uniform_13;-0.10414;0.12297
3D Uniform_14;-0.10387;0.12295
3D Uniform_15;-0.10416;0.12286
3D Uniform_16;-0.10419;0.12294
3D Uniform_17;-0.10409;0.12286
3D Uniform_18;-0.10389;0.1228
3D Uniform_19;-0.104;0.12277
5D Uniform_0;-0.10414;0.12273
5D Uniform_1;-0.10404;0.12275
5D Uniform_2;-0.10406;0.12268
5D Uniform_3;-0.10425;0.12285
5D Uniform_4;-0.10424;0.12287
5D Uniform_5;-0.10437;0.12318
5D Uniform_6;-0.10412;0.12272
5D Uniform_7;-0.10424;0.12283
5D Uniform_8;-0.10423;0.12281
5D Uniform_9;-0.10413;0.12272
5D Uniform_10;-0.10398;0.12269
5D Uniform_11;-0.1037;0.12298
5D Uniform_12;-0.10419;0.12276
5D Uniform_13;-0.10409;0.12269
5D Uniform_14;-0.10423;0.12281
5D Uniform_15;-0.10417;0.12272
5D Uniform_16;-0.10416;0.12272
5D Uniform_17;-0.1042;0.12276
5D Uniform_18;-0.10429;0.12295
5D Uniform_19;-0.10407;0.12267
10D Uniform_0;-0.10405;0.12267
10D Uniform_1;-0.10398;0.12268
10D Uniform_2;-0.10401;0.12267
10D Uniform_3;-0.10408;0.12267
10D Uniform_4;-0.10389;0.12276
10D Uniform_5;-0.10384;0.12281
10D Uniform_6;-0.10431;0.12298
10D Uniform_7;-0.10411;0.12265
10D Uniform_8;-0.10426;0.12282
10D Uniform_9;-0.10415;0.12273
10D Uniform_10;-0.10416;0.12267
10D Uniform_11;-0.10413;0.12265
10D Uniform_12;-0.10398;0.12268
10D Uniform_13;-0.10407;0.12264
10D Uniform_14;-0.10385;0.1228
10D Uniform_15;-0.10416;0.12271
10D Uniform_16;-0.10427;0.12291
10D Uniform_17;-0.10418;0.12269
10D Uniform_18;-0.10438;0.12315
10D Uniform_19;-0.10417;0.12267
20D Uniform_0;-0.10416;0.12269
20D Uniform_1;-0.10389;0.12276
20D Uniform_2;-0.10414;0.12269
20D Uniform_3;-0.10424;0.12289
20D Uniform_4;-0.10431;0.12297
20D Uniform_5;-0.10427;0.1229
20D Uniform_6;-0.10416;0.12269
20D Uniform_7;-0.10425;0.12295
20D Uniform_8;-0.10374;0.12293
20D Uniform_9;-0.10398;0.1227
20D Uniform_10;-0.10437;0.12315
20D Uniform_11;-0.10411;0.12266
20D Uniform_12;-0.10437;0.12312
20D Uniform_13;-0.10411;0.12267
20D Uniform_14;-0.10473;0.12404
20D Uniform_15;-0.1045;0.12348
20D Uniform_16;-0.10375;0.12291
20D Uniform_17;-0.10414;0.12269
20D Uniform_18;-0.10412;0.12271
20D Uniform_19;-0.10401;0.12268
2D Sphere_0;-0.10921;0.13643
2D Sphere_1;-0.10924;0.13647
2D Sphere_2;-0.10938;0.13668
2D Sphere_3;-0.10923;0.13594
2D Sphere_4;-0.10937;0.13628
2D Sphere_5;-0.10925;0.13649
2D Sphere_6;-0.10945;0.13672
2D Sphere_7;-0.10929;0.13607
2D Sphere_8;-0.1094;0.13636
2D Sphere_9;-0.10932;0.13658
2D Sphere_10;-0.10924;0.13648
2D Sphere_11;-0.10942;0.13671
2D Sphere_12;-0.10925;0.13647
2D Sphere_13;-0.10926;0.1365
2D Sphere_14;-0.10943;0.13672
2D Sphere_15;-0.10941;0.1367
2D Sphere_16;-0.10939;0.13656
2D Sphere_17;-0.10922;0.13644
2D Sphere_18;-0.10922;0.13645
2D Sphere_19;-0.10928;0.13653
3D Sphere_0;-0.1095;0.1368
3D Sphere_1;-0.10936;0.13666
3D Sphere_2;-0.10944;0.13676
3D Sphere_3;-0.10934;0.13662
3D Sphere_4;-0.10945;0.13664
3D Sphere_5;-0.10926;0.13651
3D Sphere_6;-0.10939;0.13668
3D Sphere_7;-0.10951;0.13676
3D Sphere_8;-0.10953;0.13677
3D Sphere_9;-0.10931;0.13609
3D Sphere_10;-0.10953;0.13678
3D Sphere_11;-0.10925;0.13593
3D Sphere_12;-0.10945;0.13659
3D Sphere_13;-0.10944;0.13647
3D Sphere_14;-0.10945;0.13676
3D Sphere_15;-0.1094;0.13669
3D Sphere_16;-0.10919;0.13576
3D Sphere_17;-0.10943;0.13644
3D Sphere_18;-0.10938;0.13668
3D Sphere_19;-0.10924;0.13648
5D Sphere_0;-0.10945;0.13678
5D Sphere_1;-0.10952;0.13675
5D Sphere_2;-0.1094;0.13634
5D Sphere_3;-0.10949;0.13666
5D Sphere_4;-0.1094;0.13635
5D Sphere_5;-0.10933;0.13661
5D Sphere_6;-0.10947;0.1366
5D Sphere_7;-0.10945;0.13656
5D Sphere_8;-0.10941;0.13637
5D Sphere_9;-0.10944;0.1365
5D Sphere_10;-0.10927;0.13653
5D Sphere_11;-0.10947;0.13679
5D Sphere_12;-0.10953;0.13677
5D Sphere_13;-0.10928;0.13653
5D Sphere_14;-0.10925;0.13651
5D Sphere_15;-0.10948;0.13677
5D Sphere_16;-0.10945;0.1365
5D Sphere_17;-0.10943;0.13643
5D Sphere_18;-0.10939;0.1367
5D Sphere_19;-0.10932;0.1366
GS Balanced_0;-0.10897;0.13566
GS Balanced_1;-0.10895;0.13575
GS Balanced_2;-0.10899;0.13593
GS Balanced_3;-0.10898;0.13601
GS Balanced_4;-0.10886;0.13584
GS Balanced_5;-0.10896;0.13577
GS Balanced_6;-0.10893;0.13594
GS Balanced_7;-0.10886;0.13583
GS Balanced_8;-0.10892;0.13592
GS Balanced_9;-0.10894;0.1359
GS Balanced_10;-0.10904;0.13599
GS Balanced_11;-0.10893;0.13593
GS Balanced_12;-0.10893;0.13592
GS Balanced_13;-0.10886;0.13586
GS Balanced_14;-0.10904;0.13598
GS Balanced_15;-0.10891;0.13593
GS Balanced_16;-0.10879;0.13572
GS Balanced_17;-0.10879;0.13576
GS Balanced_18;-0.109;0.13597
GS Balanced_19;-0.10893;0.13595
GS Caterpillar_0;-0.10362;0.12813
GS Caterpillar_1;-0.10363;0.12801
GS Caterpillar_2;-0.10372;0.12805
GS Caterpillar_3;-0.10367;0.12807
GS Caterpillar_4;-0.10363;0.12797
GS Caterpillar_5;-0.10368;0.12795
GS Caterpillar_6;-0.10358;0.12803
GS Caterpillar_7;-0.10376;0.12803
GS Caterpillar_8;-0.10371;0.12794
GS Caterpillar_9;-0.10368;0.12795
GS Caterpillar_10;-0.10363;0.12797
GS Caterpillar_11;-0.10372;0.12805
GS Caterpillar_12;-0.10368;0.12795
GS Caterpillar_13;-0.10358;0.12803
GS Caterpillar_14;-0.10372;0.12805
GS Caterpillar_15;-0.10358;0.12803
GS Caterpillar_16;-0.10368;0.12795
GS Caterpillar_17;-0.10368;0.12795
GS Caterpillar_18;-0.10372;0.12805
GS Caterpillar_19;-0.10368;0.12795
Urn_0;-0.09904;0.12839
Urn_1;-0.09376;0.1345
Urn_2;-0.0944;0.13378
Urn_3;-0.10387;0.12386
Urn_4;-0.10329;0.12421
Urn_5;-0.1002;0.12695
Urn_6;-0.09456;0.1336
Urn_7;-0.0989;0.12859
Urn_8;-0.10327;0.12405
Urn_9;-0.09186;0.13665
Urn_10;-0.09832;0.12919
Urn_11;-0.09433;0.13385
Urn_12;-0.10037;0.12678
Urn_13;-0.09546;0.1326
Urn_14;-0.10222;0.12487
Urn_15;-0.10321;0.12426
Urn_16;-0.10377;0.12391
Urn_17;-0.10345;0.12407
Urn_18;-0.09955;0.12795
Urn_19;-0.10265;0.12467
Urn_20;-0.09186;0.13666
Urn_21;-0.10368;0.12364
Urn_22;-0.09986;0.12745
Urn_23;-0.10921;0.13585
Urn_24;-0.10059;0.12655
Urn_25;-0.10375;0.1239
Urn_26;-0.10147;0.12566
Urn_27;-0.10217;0.12501
Urn_28;-0.10241;0.12494
Urn_29;-0.09937;0.12815
Urn_30;-0.10951;0.1367
Urn_31;-0.09576;0.13227
Urn_32;-0.09687;0.13094
Urn_33;-0.09899;0.12844
Urn_34;-0.09845;0.12906
Urn_35;-0.09939;0.128
Urn_36;-0.09186;0.13665
Urn_37;-0.10898;0.13526
Urn_38;-0.10234;0.1249
Urn_39;-0.09205;0.13643
Urn_40;-0.09201;0.13647
Urn_41;-0.10344;0.1242
Urn_42;-0.09302;0.13533
Urn_43;-0.09188;0.13663
Urn_44;-0.09395;0.13428
Urn_45;-0.09846;0.1291
Urn_46;-0.10413;0.12439
Urn_47;-0.09902;0.1284
Urn_48;-0.0987;0.12876
Urn_49;-0.10275;0.12431
Urn_50;-0.10274;0.12449
Urn_51;-0.10879;0.13478
Urn_52;-0.10094;0.1262
Urn_53;-0.10037;0.12679
Urn_54;-0.09802;0.12981
Urn_55;-0.09895;0.12849
Urn_56;-0.10097;0.12613
Urn_57;-0.0944;0.13378
Urn_58;-0.0984;0.12961
Urn_59;-0.09508;0.13303
Urn_60;-0.09392;0.13431
Urn_61;-0.10845;0.13391
Urn_62;-0.10009;0.12707
Urn_63;-0.09587;0.1321
Urn_64;-0.09191;0.13659
Urn_65;-0.09736;0.13037
Urn_66;-0.1059;0.12758
Urn_67;-0.10187;0.12537
Urn_68;-0.10229;0.12483
Urn_69;-0.10241;0.12465
Urn_70;-0.10235;0.12489
Urn_71;-0.10247;0.12563
Urn_72;-0.09872;0.12882
Urn_73;-0.09493;0.1332
Urn_74;-0.10238;0.12487
Urn_75;-0.09777;0.12989
Urn_76;-0.10915;0.13567
Urn_77;-0.09918;0.12818
Urn_78;-0.09384;0.13441
Urn_79;-0.10031;0.12692
Norm-Mallows_0;-0.09847;0.12886
Norm-Mallows_1;-0.09867;0.12861
Norm-Mallows_2;-0.1039;0.12286
Norm-Mallows_3;-0.10258;0.12427
Norm-Mallows_4;-0.10948;0.13659
Norm-Mallows_5;-0.09273;0.13564
Norm-Mallows_6;-0.09186;0.13665
Norm-Mallows_7;-0.10885;0.13485
Norm-Mallows_8;-0.10919;0.13576
Norm-Mallows_9;-0.10014;0.12692
Norm-Mallows_10;-0.10436;0.12317
Norm-Mallows_11;-0.10948;0.13659
Norm-Mallows_12;-0.10396;0.12284
Norm-Mallows_13;-0.10142;0.12553
Norm-Mallows_14;-0.1062;0.12796
Norm-Mallows_15;-0.0991;0.12811
Norm-Mallows_16;-0.09424;0.13392
Norm-Mallows_17;-0.09189;0.13662
Norm-Mallows_18;-0.09748;0.13006
Norm-Mallows_19;-0.09456;0.13355
Norm-Mallows_20;-0.09195;0.13654
Norm-Mallows_21;-0.0999;0.12718
Norm-Mallows_22;-0.09193;0.13657
Norm-Mallows_23;-0.09223;0.13622
Norm-Mallows_24;-0.10326;0.12347
Norm-Mallows_25;-0.10299;0.1238
Norm-Mallows_26;-0.09385;0.13436
Norm-Mallows_27;-0.09185;0.13666
Norm-Mallows_28;-0.09371;0.13452
Norm-Mallows_29;-0.10916;0.13569
Norm-Mallows_30;-0.09783;0.12962
Norm-Mallows_31;-0.09311;0.13521
Norm-Mallows_32;-0.10402;0.12282
Norm-Mallows_33;-0.0925;0.13591
Norm-Mallows_34;-0.10943;0.13642
Norm-Mallows_35;-0.10939;0.13631
Norm-Mallows_36;-0.1017;0.12524
Norm-Mallows_37;-0.10242;0.12445
Norm-Mallows_38;-0.10395;0.12285
Norm-Mallows_39;-0.09378;0.13444
Norm-Mallows_40;-0.09198;0.13651
Norm-Mallows_41;-0.0953;0.13266
Norm-Mallows_42;-0.10357;0.12316
Norm-Mallows_43;-0.1037;0.12302
Norm-Mallows_44;-0.09185;0.13666
Norm-Mallows_45;-0.10262;0.12422
Norm-Mallows_46;-0.09939;0.12777
Norm-Mallows_47;-0.09188;0.13662
Norm-Mallows_48;-0.09487;0.13318
Norm-Mallows_49;-0.09189;0.13661
Norm-Mallows_50;-0.09807;0.12934
Norm-Mallows_51;-0.09277;0.1356
Norm-Mallows_52;-0.10952;0.13673
Norm-Mallows_53;-0.09265;0.13574
Norm-Mallows_54;-0.10438;0.12318
Norm-Mallows_55;-0.10044;0.12659
Norm-Mallows_56;-0.09867;0.12862
Norm-Mallows_57;-0.09476;0.13331
Norm-Mallows_58;-0.09871;0.12857
Norm-Mallows_59;-0.10924;0.1359
Norm-Mallows_60;-0.09915;0.12804
Norm-Mallows_61;-0.09527;0.1327
Norm-Mallows_62;-0.09189;0.13662
Norm-Mallows_63;-0.09297;0.13537
Norm-Mallows_64;-0.09899;0.12824
Norm-Mallows_65;-0.09198;0.13651
Norm-Mallows_66;-0.10917;0.13571
Norm-Mallows_67;-0.10407;0.12283
Norm-Mallows_68;-0.0994;0.12776
Norm-Mallows_69;-0.10906;0.13542
Norm-Mallows_70;-0.09762;0.12989
Norm-Mallows_71;-0.10645;0.12861
Norm-Mallows_72;-0.09239;0.13604
Norm-Mallows_73;-0.10944;0.13646
Norm-Mallows_74;-0.09925;0.12793
Norm-Mallows_75;-0.09195;0.13654
Norm-Mallows_76;-0.10373;0.12299
Norm-Mallows_77;-0.10493;0.12456
Norm-Mallows_78;-0.09193;0.13657
Norm-Mallows_79;-0.10304;0.12373
ANID_0;-0.09186;0.13665
ANID_1;-0.09189;0.13662
ANID_2;-0.09196;0.13653
ANID_3;-0.09226;0.1362
ANID_4;-0.09266;0.13576
ANID_5;-0.09351;0.13481
ANID_6;-0.09415;0.13413
ANID_7;-0.09486;0.13343
ANID_8;-0.09568;0.13263
ANID_9;-0.09659;0.1318
ANID_10;-0.0975;0.13104
ANID_11;-0.099;0.13012
ANID_12;-0.10103;0.129
ANID_13;-0.10152;0.12873
ANID_14;-0.10191;0.12854
ANID_15;-0.10221;0.12845
ANID_16;-0.10246;0.1284
ANID_17;-0.10287;0.12825
ANID_18;-0.10319;0.12825
ANID_19;-0.10334;0.12815
STID_0;-0.09185;0.13666
STID_1;-0.09188;0.13663
STID_2;-0.09188;0.13662
STID_3;-0.09194;0.13656
STID_4;-0.0921;0.13637
STID_5;-0.09235;0.13609
STID_6;-0.09254;0.13586
STID_7;-0.09283;0.13553
STID_8;-0.09313;0.13518
STID_9;-0.09354;0.13472
STID_10;-0.09383;0.13439
STID_11;-0.09394;0.13425
STID_12;-0.0941;0.13407
STID_13;-0.09421;0.13394
STID_14;-0.09431;0.13382
STID_15;-0.0944;0.13371
STID_16;-0.09444;0.13367
STID_17;-0.09446;0.13363
STID_18;-0.09459;0.13348
STID_19;-0.09455;0.13351
ANUN_0;-0.10921;0.13644
ANUN_1;-0.1092;0.13642
ANUN_2;-0.10913;0.13632
ANUN_3;-0.10904;0.13617
ANUN_4;-0.10886;0.13589
ANUN_5;-0.10867;0.13558
ANUN_6;-0.1084;0.13516
ANUN_7;-0.1078;0.13424
ANUN_8;-0.10704;0.13309
ANUN_9;-0.10693;0.13292
ANUN_10;-0.10675;0.13266
ANUN_11;-0.10549;0.13075
ANUN_12;-0.10526;0.13035
ANUN_13;-0.10484;0.12972
ANUN_14;-0.10439;0.12893
ANUN_15;-0.10412;0.1285
ANUN_16;-0.10396;0.12826
ANUN_17;-0.10388;0.12818
ANUN_18;-0.10375;0.12817
ANUN_19;-0.10368;0.12824
STUN_0;-0.10939;0.13671
STUN_1;-0.10945;0.13678
STUN_2;-0.10948;0.13659
STUN_3;-0.10932;0.13612
STUN_4;-0.10898;0.13522
STUN_5;-0.10848;0.13399
STUN_6;-0.10653;0.12918
STUN_7;-0.10477;0.12492
STUN_8;-0.10416;0.12394
STUN_9;-0.10349;0.12386
STUN_10;-0.10271;0.12454
STUN_11;-0.10181;0.1253
STUN_12;-0.10062;0.12648
STUN_13;-0.09959;0.12755
STUN_14;-0.09905;0.12817
STUN_15;-0.09841;0.12892
STUN_16;-0.09786;0.1296
STUN_17;-0.09677;0.13089
STUN_18;-0.09579;0.13206
STUN_19;-0.09519;0.13277
