election_id;x;y
ID 0.5;1.7867;0.87266
IC 0.5;0.67867;0.87266
full;1.26775;1.75466
empty;1.30854;-0.05257
background_id_0;1.42482;-0.00796
background_id_1;1.51582;0.06567
background_id_2;1.58334;0.14967
background_id_3;1.62085;0.21529
background_id_4;1.65225;0.27188
background_id_5;1.68886;0.33993
background_id_6;1.71039;0.40204
background_id_7;1.7266;0.45987
background_id_8;1.74681;0.52353
background_id_9;1.76032;0.57909
background_id_10;1.76743;0.63396
background_id_11;1.77917;0.69476
background_id_12;1.78715;0.74818
background_id_13;1.78762;0.79906
background_id_14;1.78697;0.87396
background_id_15;1.78454;0.93471
background_id_16;1.7775;0.98947
background_id_17;1.76945;1.05078
background_id_18;1.76574;1.10604
background_id_19;1.74645;1.16029
background_id_20;1.72903;1.22377
background_id_21;1.71364;1.28064
background_id_22;1.68395;1.33518
background_id_23;1.65422;1.39892
background_id_24;1.62542;1.45761
background_id_25;1.58309;1.51042
background_id_26;1.53363;1.57356
background_id_27;1.48376;1.63347
background_id_28;1.4175;1.68858
background_ic_0;1.24814;-0.00562
background_ic_1;1.1353;0.05149
background_ic_2;1.06006;0.10953
background_ic_3;0.98896;0.18488
background_ic_4;0.93302;0.23619
background_ic_5;0.87586;0.33677
background_ic_6;0.84133;0.37601
background_ic_7;0.8105;0.42232
background_ic_8;0.77343;0.50035
background_ic_9;0.74373;0.55945
background_ic_10;0.72926;0.62666
background_ic_11;0.70337;0.67777
background_ic_12;0.68647;0.73879
background_ic_13;0.67926;0.79344
background_ic_14;0.66545;0.86024
background_ic_15;0.68122;0.94193
background_ic_16;0.69918;1.00024
background_ic_17;0.68838;1.05798
background_ic_18;0.70779;1.12458
background_ic_19;0.73458;1.18248
background_ic_20;0.74254;1.24768
background_ic_21;0.78364;1.31652
background_ic_22;0.82487;1.36807
background_ic_23;0.85141;1.43032
background_ic_24;0.90586;1.49163
background_ic_25;0.96287;1.54223
background_ic_26;1.01159;1.59657
background_ic_27;1.08995;1.65666
background_ic_28;1.16872;1.70792
background_v1_0;1.38447;-0.00044
background_v1_1;1.44791;0.07158
background_v1_2;1.49611;0.17839
background_v1_3;1.51355;0.24334
background_v1_4;1.52703;0.31531
background_v1_5;1.52555;0.41183
background_v1_6;1.52856;0.47713
background_v1_7;1.51981;0.52888
background_v1_8;1.51089;0.60975
background_v1_9;1.5174;0.66016
background_v1_10;1.50074;0.71102
background_v1_11;1.50893;0.76751
background_v1_12;1.46123;0.84317
background_v1_13;1.50956;0.86962
background_v1_14;1.49903;0.9347
background_v1_15;1.46629;0.99194
background_v1_16;1.50506;1.02319
background_v1_17;1.47722;1.0905
background_v1_18;1.44825;1.14468
background_v1_19;1.48666;1.18142
background_v1_20;1.44596;1.2436
background_v1_21;1.46357;1.29686
background_v1_22;1.43447;1.34024
background_v1_23;1.43321;1.40227
background_v1_24;1.44654;1.45796
background_v1_25;1.40706;1.5009
background_v1_26;1.39628;1.56674
background_v1_27;1.37576;1.6292
background_v1_28;1.35209;1.68993
background_v2_0;1.33932;0.00822
background_v2_1;1.3718;0.07411
background_v2_2;1.37929;0.2097
background_v2_3;1.36263;0.28246
background_v2_4;1.34169;0.36721
background_v2_5;1.31069;0.47564
background_v2_6;1.28905;0.53664
background_v2_7;1.26091;0.59797
background_v2_8;1.25971;0.65792
background_v2_9;1.24321;0.71555
background_v2_10;1.22992;0.76157
background_v2_11;1.20547;0.82625
background_v2_12;1.20932;0.87759
background_v2_13;1.1748;0.9177
background_v2_14;1.19131;0.97566
background_v2_15;1.19648;1.02982
background_v2_16;1.14852;1.06684
background_v2_17;1.17221;1.12204
background_v2_18;1.14521;1.17136
background_v2_19;1.19611;1.20695
background_v2_20;1.20017;1.2656
background_v2_21;1.17477;1.31811
background_v2_22;1.23334;1.34783
background_v2_23;1.23272;1.41259
background_v2_24;1.20781;1.47269
background_v2_25;1.26668;1.50308
background_v2_26;1.23596;1.57368
background_v2_27;1.27487;1.62755
background_v2_28;1.29305;1.69051
background_v3_0;1.2929;0.00774
background_v3_1;1.23785;0.06432
background_v3_2;1.19788;0.17647
background_v3_3;1.14913;0.26317
background_v3_4;1.10327;0.34574
background_v3_5;1.08452;0.44587
background_v3_6;1.02742;0.49709
background_v3_7;1.01521;0.56189
background_v3_8;1.00144;0.62713
background_v3_9;0.97864;0.68445
background_v3_10;0.93077;0.72606
background_v3_11;0.93653;0.79606
background_v3_12;0.8944;0.8419
background_v3_13;0.90476;0.88809
background_v3_14;0.88801;0.94804
background_v3_15;0.87652;1.00633
background_v3_16;0.90897;1.05119
background_v3_17;0.90636;1.11074
background_v3_18;0.8942;1.16363
background_v3_19;0.93599;1.20718
background_v3_20;0.94636;1.26387
background_v3_21;0.95842;1.3238
background_v3_22;0.99889;1.36539
background_v3_23;1.01714;1.42612
background_v3_24;1.04009;1.48216
background_v3_25;1.09151;1.52148
background_v3_26;1.11802;1.58395
background_v3_27;1.17105;1.64061
background_v3_28;1.22383;1.69248
background_h1_0;1.52938;0.17231
background_h1_1;1.46001;0.19575
background_h1_2;1.38246;0.19342
background_h1_3;1.25782;0.18324
background_h1_4;1.13611;0.14639
background_h2_0;1.62426;0.36419
background_h2_1;1.56273;0.38705
background_h2_2;1.48575;0.42084
background_h2_3;1.41388;0.45594
background_h2_4;1.28357;0.47293
background_h2_5;1.20083;0.47167
background_h2_6;1.11753;0.44711
background_h2_7;1.01073;0.40398
background_h2_8;0.95021;0.36658
background_h3_0;1.67104;0.55443
background_h3_1;1.61079;0.57166
background_h3_2;1.5472;0.59165
background_h3_3;1.44622;0.62736
background_h3_4;1.38533;0.63852
background_h3_5;1.30192;0.66027
background_h3_6;1.21254;0.6509
background_h3_7;1.12863;0.65812
background_h3_8;1.04077;0.65593
background_h3_9;0.97132;0.61084
background_h3_10;0.89032;0.5795
background_h3_11;0.82796;0.53819
background_h4_0;1.69495;0.72028
background_h4_1;1.62639;0.73843
background_h4_2;1.55942;0.75768
background_h4_3;1.44681;0.78014
background_h4_4;1.37143;0.80719
background_h4_5;1.30198;0.81626
background_h4_6;1.22706;0.82556
background_h4_7;1.12334;0.82583
background_h4_8;1.06093;0.83013
background_h4_9;0.98038;0.81114
background_h4_10;0.88411;0.78364
background_h4_11;0.83725;0.75852
background_h4_12;0.75553;0.7117
background_h5_0;1.69876;0.88977
background_h5_1;1.63136;0.90443
background_h5_2;1.5659;0.92076
background_h5_3;1.45977;0.93962
background_h5_4;1.38342;0.95968
background_h5_5;1.30874;0.97357
background_h5_6;1.24711;0.97137
background_h5_7;1.13782;0.97497
background_h5_8;1.08114;0.98232
background_h5_9;1.0098;0.97895
background_h5_10;0.92984;0.96226
background_h5_11;0.83999;0.93689
background_h5_12;0.79163;0.92877
background_h5_13;0.7313;0.89922
background_h6_0;1.67994;1.05807
background_h6_1;1.60559;1.06977
background_h6_2;1.53086;1.08835
background_h6_3;1.41379;1.09593
background_h6_4;1.34482;1.10882
background_h6_5;1.27457;1.11733
background_h6_6;1.2078;1.11855
background_h6_7;1.08397;1.12227
background_h6_8;1.02219;1.12267
background_h6_9;0.95992;1.1114
background_h6_10;0.85356;1.10239
background_h6_11;0.79936;1.0953
background_h6_12;0.74743;1.07137
background_h7_0;1.64353;1.22235
background_h7_1;1.57472;1.23354
background_h7_2;1.50014;1.24134
background_h7_3;1.38421;1.24835
background_h7_4;1.31982;1.25541
background_h7_5;1.24971;1.25904
background_h7_6;1.1312;1.2676
background_h7_7;1.06754;1.26884
background_h7_8;1.01184;1.26675
background_h7_9;0.90873;1.27602
background_h7_10;0.85436;1.25706
background_h7_11;0.79942;1.25165
background_h8_0;1.56985;1.39164
background_h8_1;1.49812;1.39861
background_h8_2;1.3766;1.40622
background_h8_3;1.30916;1.40512
background_h8_4;1.21254;1.41481
background_h8_5;1.13243;1.4171
background_h8_6;1.06817;1.41825
background_h8_7;0.96739;1.42917
background_h8_8;0.90627;1.42241
background_h9_0;1.44895;1.56556
background_h9_1;1.33734;1.56189
background_h9_2;1.25531;1.57133
background_h9_3;1.16873;1.57378
background_h9_4;1.07231;1.59193
Disjoint g=2_0;1.04749;0.9526
Disjoint g=2_1;1.45283;0.09929
Disjoint g=2_2;1.47197;0.46141
Disjoint g=2_3;1.61216;0.43214
Disjoint g=2_4;1.43296;0.04487
Disjoint g=2_5;1.48802;0.58159
Disjoint g=2_6;1.44613;0.15925
Disjoint g=2_7;1.49004;0.32379
Disjoint g=2_8;1.16559;0.79392
Disjoint g=2_9;1.43361;0.23172
Disjoint g=2_10;1.50676;0.36946
Disjoint g=2_11;1.49149;0.82605
Disjoint g=2_12;1.44226;0.26
Disjoint g=2_13;1.36559;0.46507
Disjoint g=2_14;1.33288;0.92674
Disjoint g=2_15;1.29917;0.56903
Disjoint g=2_16;1.35681;0.74396
Disjoint g=2_17;1.29634;0.42498
Disjoint g=2_18;1.3584;0.67199
Disjoint g=2_19;0.91331;0.75613
Disjoint g=2_20;0.9776;0.73775
Disjoint g=2_21;0.98055;0.95625
Disjoint g=2_22;1.33967;0.08745
Disjoint g=2_23;1.0085;0.78292
Disjoint g=2_24;1.15286;0.60725
Disjoint g=2_25;1.32037;0.1997
Disjoint g=2_26;0.97599;0.8965
Disjoint g=2_27;1.20583;0.39138
Disjoint g=2_28;1.09342;0.47881
Disjoint g=2_29;1.13906;0.42028
Disjoint g=2_30;1.22042;0.20816
Disjoint g=2_31;1.04525;0.45352
Disjoint g=2_32;1.04475;0.78579
Disjoint g=2_33;0.87848;0.66472
Disjoint g=2_34;1.04428;0.61875
Disjoint g=2_35;1.02239;0.53345
Disjoint g=2_36;1.11955;0.21626
Disjoint g=2_37;0.72553;0.82214
Disjoint g=2_38;0.81639;0.63236
Disjoint g=2_39;1.01445;0.42754
Disjoint g=2_40;0.81351;0.70267
Disjoint g=2_41;0.8009;0.76177
Disjoint g=2_42;0.75061;0.77198
Disjoint g=2_43;0.77533;0.66511
Disjoint g=2_44;0.76623;0.89802
Disjoint g=2_45;0.84918;0.46101
Disjoint g=2_46;0.80704;0.50801
Disjoint g=2_47;0.95349;0.29621
Disjoint g=2_48;1.05391;0.16157
Disjoint g=2_49;0.74035;0.58893
Disjoint g=3_0;1.08932;0.63215
Disjoint g=3_1;1.37659;0.4085
Disjoint g=3_2;1.1642;0.66712
Disjoint g=3_3;1.16204;0.5528
Disjoint g=3_4;1.45493;0.12659
Disjoint g=3_5;1.49262;0.27223
Disjoint g=3_6;1.20201;0.57275
Disjoint g=3_7;0.93332;0.61193
Disjoint g=3_8;1.2606;0.51667
Disjoint g=3_9;1.10452;0.69722
Disjoint g=3_10;1.40853;0.1291
Disjoint g=3_11;1.36764;0.15081
Disjoint g=3_12;1.44485;0.28946
Disjoint g=3_13;1.38047;0.09594
Disjoint g=3_14;1.32349;0.22584
Disjoint g=3_15;1.26356;0.37545
Disjoint g=3_16;1.31507;0.38891
Disjoint g=3_17;1.33725;0.57555
Disjoint g=3_18;0.83071;0.59741
Disjoint g=3_19;0.88653;0.50652
Disjoint g=3_20;1.28586;0.30189
Disjoint g=3_21;1.20908;0.67804
Disjoint g=3_22;1.11864;0.49284
Disjoint g=3_23;0.88479;0.62609
Disjoint g=3_24;0.93219;0.52954
Disjoint g=3_25;1.24019;0.15589
Disjoint g=3_26;1.0567;0.54501
Disjoint g=3_27;0.94174;0.64217
Disjoint g=3_28;1.08514;0.57485
Disjoint g=3_29;1.11629;0.30862
Disjoint g=3_30;1.05498;0.35624
Disjoint g=3_31;1.17587;0.35298
Disjoint g=3_32;1.07673;0.65939
Disjoint g=3_33;1.04134;0.29418
Disjoint g=3_34;1.25173;0.07276
Disjoint g=3_35;0.97343;0.51315
Disjoint g=3_36;0.94654;0.57948
Disjoint g=3_37;1.06602;0.30387
Disjoint g=3_38;1.11518;0.19063
Disjoint g=3_39;0.9621;0.4811
Disjoint g=3_40;1.13534;0.12037
Disjoint g=3_41;1.01984;0.3348
Disjoint g=3_42;0.81379;0.56607
Disjoint g=3_43;0.87516;0.47584
Disjoint g=3_44;1.19757;0.04424
Disjoint g=3_45;1.17316;0.03908
Disjoint g=3_46;0.81067;0.46862
Disjoint g=3_47;1.09704;0.08181
Disjoint g=3_48;0.93009;0.25229
Disjoint g=3_49;0.77895;0.457
Disjoint g=4_0;1.4173;0.35561
Disjoint g=4_1;1.42216;0.40991
Disjoint g=4_2;1.39495;0.31396
Disjoint g=4_3;0.93567;0.47668
Disjoint g=4_4;1.3315;0.52332
Disjoint g=4_5;1.37396;0.26147
Disjoint g=4_6;1.23315;0.47904
Disjoint g=4_7;1.38295;0.51174
Disjoint g=4_8;1.20992;0.53345
Disjoint g=4_9;1.2956;0.25435
Disjoint g=4_10;1.16701;0.50673
Disjoint g=4_11;1.3141;0.15026
Disjoint g=4_12;1.36339;0.31147
Disjoint g=4_13;1.31745;0.25071
Disjoint g=4_14;1.3489;0.21972
Disjoint g=4_15;1.31113;0.09997
Disjoint g=4_16;1.21267;0.26335
Disjoint g=4_17;1.34759;0.06252
Disjoint g=4_18;1.29295;0.22641
Disjoint g=4_19;1.32036;0.06011
Disjoint g=4_20;1.08059;0.50883
Disjoint g=4_21;1.19115;0.45496
Disjoint g=4_22;1.24306;0.272
Disjoint g=4_23;1.18685;0.20389
Disjoint g=4_24;1.27615;0.1046
Disjoint g=4_25;1.23609;0.17926
Disjoint g=4_26;1.18028;0.24891
Disjoint g=4_27;1.06441;0.43699
Disjoint g=4_28;1.11441;0.25146
Disjoint g=4_29;1.12889;0.36867
Disjoint g=4_30;1.25029;0.09755
Disjoint g=4_31;1.14791;0.20246
Disjoint g=4_32;0.98111;0.4546
Disjoint g=4_33;0.93401;0.43381
Disjoint g=4_34;1.06507;0.32711
Disjoint g=4_35;0.96796;0.43007
Disjoint g=4_36;1.13182;0.16846
Disjoint g=4_37;1.07753;0.2847
Disjoint g=4_38;0.98522;0.33368
Disjoint g=4_39;1.15171;0.09856
Disjoint g=4_40;0.89476;0.42246
Disjoint g=4_41;0.92865;0.39366
Disjoint g=4_42;1.0897;0.17221
Disjoint g=4_43;0.96571;0.27724
Disjoint g=4_44;1.00633;0.23897
Disjoint g=4_45;1.00589;0.20652
Disjoint g=4_46;0.92213;0.29718
Disjoint g=4_47;0.85697;0.40284
Disjoint g=4_48;1.03178;0.17011
Disjoint g=4_49;1.15548;0.03846
Disjoint g=5_0;1.07291;0.25208
Disjoint g=5_1;1.14008;0.39564
Disjoint g=5_2;1.34819;0.43338
Disjoint g=5_3;1.27631;0.331
Disjoint g=5_4;1.14425;0.47048
Disjoint g=5_5;1.37089;0.36993
Disjoint g=5_6;1.26653;0.39865
Disjoint g=5_7;1.32448;0.45749
Disjoint g=5_8;1.25375;0.44179
Disjoint g=5_9;1.33239;0.29099
Disjoint g=5_10;1.21222;0.42732
Disjoint g=5_11;1.30403;0.17244
Disjoint g=5_12;1.19439;0.34612
Disjoint g=5_13;1.22986;0.36157
Disjoint g=5_14;1.29383;0.05721
Disjoint g=5_15;1.08267;0.39804
Disjoint g=5_16;1.18139;0.39182
Disjoint g=5_17;1.14474;0.31432
Disjoint g=5_18;1.27904;0.27404
Disjoint g=5_19;1.29464;0.19207
Disjoint g=5_20;1.04643;0.41421
Disjoint g=5_21;1.04121;0.38242
Disjoint g=5_22;1.19683;0.29364
Disjoint g=5_23;1.26675;0.14268
Disjoint g=5_24;1.22612;0.30281
Disjoint g=5_25;1.08224;0.31137
Disjoint g=5_26;1.18855;0.1033
Disjoint g=5_27;1.02013;0.30879
Disjoint g=5_28;1.19035;0.15895
Disjoint g=5_29;1.21183;0.15009
Disjoint g=5_30;1.2675;0.1607
Disjoint g=5_31;1.07964;0.36454
Disjoint g=5_32;1.21095;0.10378
Disjoint g=5_33;1.22774;0.07643
Disjoint g=5_34;0.9643;0.38191
Disjoint g=5_35;1.00217;0.37367
Disjoint g=5_36;1.04097;0.25407
Disjoint g=5_37;0.95733;0.32323
Disjoint g=5_38;0.91204;0.3234
Disjoint g=5_39;1.06888;0.19974
Disjoint g=5_40;1.07111;0.18008
Disjoint g=5_41;0.93802;0.276
Disjoint g=5_42;1.21795;0.03209
Disjoint g=5_43;1.07963;0.12972
Disjoint g=5_44;0.93391;0.3352
Disjoint g=5_45;0.91797;0.35232
Disjoint g=5_46;1.1152;0.09487
Disjoint g=5_47;0.95801;0.22609
Disjoint g=5_48;0.88382;0.31048
Disjoint g=5_49;0.90381;0.27158
Disjoint g=6_0;1.32534;0.32509
Disjoint g=6_1;1.35008;0.12141
Disjoint g=6_2;1.15264;0.36931
Disjoint g=6_3;1.3154;0.34901
Disjoint g=6_4;1.42345;0.19276
Disjoint g=6_5;1.24271;0.33909
Disjoint g=6_6;1.18702;0.40747
Disjoint g=6_7;1.369;0.17703
Disjoint g=6_8;1.29169;0.37059
Disjoint g=6_9;1.24852;0.25482
Disjoint g=6_10;1.31385;0.28289
Disjoint g=6_11;1.30102;0.12483
Disjoint g=6_12;1.25097;0.30694
Disjoint g=6_13;1.33619;0.1555
Disjoint g=6_14;1.21611;0.24368
Disjoint g=6_15;1.20081;0.22011
Disjoint g=6_16;1.18082;0.27346
Disjoint g=6_17;1.27262;0.21652
Disjoint g=6_18;1.14633;0.21961
Disjoint g=6_19;1.1751;0.29425
Disjoint g=6_20;1.14599;0.28503
Disjoint g=6_21;1.26766;0.34781
Disjoint g=6_22;1.13098;0.24621
Disjoint g=6_23;1.1258;0.27282
Disjoint g=6_24;1.24677;0.21471
Disjoint g=6_25;1.16546;0.24309
Disjoint g=6_26;1.27106;0.08375
Disjoint g=6_27;1.17049;0.16257
Disjoint g=6_28;1.21957;0.12882
Disjoint g=6_29;1.19537;0.12182
Disjoint g=6_30;1.05404;0.28238
Disjoint g=6_31;1.26039;0.04563
Disjoint g=6_32;1.11882;0.3332
Disjoint g=6_33;1.15301;0.14852
Disjoint g=6_34;1.03636;0.23902
Disjoint g=6_35;1.16283;0.12841
Disjoint g=6_36;1.08832;0.21097
Disjoint g=6_37;1.20533;0.06591
Disjoint g=6_38;0.97847;0.25684
Disjoint g=6_39;1.10948;0.13605
Disjoint g=6_40;1.03843;0.19856
Disjoint g=6_41;1.10354;0.12258
Disjoint g=6_42;1.15771;0.07647
Disjoint g=6_43;0.99589;0.27551
Disjoint g=6_44;1.19891;0.01507
Disjoint g=6_45;1.05539;0.14058
Disjoint g=6_46;0.98643;0.2021
Disjoint g=6_47;1.05198;0.13666
Disjoint g=6_48;1.01282;0.15815
Disjoint g=6_49;1.02326;0.13694
