election_id;value
ID 0.5;0.4176321029663086
IC 0.5;442.2632722854614
full;0.43662285804748535
empty;0.019532442092895508
background_id_0;0.12724089622497559
background_id_1;2.1671371459960938
background_id_2;0.29663896560668945
background_id_3;0.28441715240478516
background_id_4;0.29231810569763184
background_id_5;0.3036370277404785
background_id_6;0.33186817169189453
background_id_7;0.29860663414001465
background_id_8;0.2931935787200928
background_id_9;2.7426037788391113
background_id_10;0.2952451705932617
background_id_11;0.29767322540283203
background_id_12;0.30700206756591797
background_id_13;0.3329641819000244
background_id_14;0.3270387649536133
background_id_15;1.7655785083770752
background_id_16;0.3242216110229492
background_id_17;0.32552194595336914
background_id_18;0.32874250411987305
background_id_19;0.34556031227111816
background_id_20;0.3423902988433838
background_id_21;0.34855175018310547
background_id_22;1.788644790649414
background_id_23;0.33446764945983887
background_id_24;0.34798431396484375
background_id_25;0.362715482711792
background_id_26;0.3534567356109619
background_id_27;0.3735013008117676
background_id_28;0.38152313232421875
background_ic_0;0.257387638092041
background_ic_1;22.31410837173462
background_ic_2;72.81648325920105
background_ic_3;397.72050046920776
background_ic_4;63.96541905403137
background_ic_5;376.13435530662537
background_ic_6;566.9746565818787
background_ic_7;1102.712942123413
background_ic_8;932.0252726078033
background_ic_9;1408.845691204071
background_ic_10;257.239958524704
background_ic_11;161.59332394599915
background_ic_12;540.0113046169281
background_ic_13;66.01964139938354
background_ic_14;159.0252809524536
background_ic_15;106.68284893035889
background_ic_16;127.05984663963318
background_ic_17;94.23601055145264
background_ic_18;128.91430521011353
background_ic_19;8.252779245376587
background_ic_20;20.91990303993225
background_ic_21;64.50503253936768
background_ic_22;19.864585161209106
background_ic_23;1.6877381801605225
background_ic_24;1.7317719459533691
background_ic_25;1.3932878971099854
background_ic_26;1.375413179397583
background_ic_27;0.8140606880187988
background_ic_28;0.7646732330322266
background_v1_0;0.07870244979858398
background_v1_1;1.5693140029907227
background_v1_2;0.1920919418334961
background_v1_3;0.44455432891845703
background_v1_4;0.4244718551635742
background_v1_5;0.7329854965209961
background_v1_6;0.7732288837432861
background_v1_7;1.0691401958465576
background_v1_8;2.0393245220184326
background_v1_9;1.2517473697662354
background_v1_10;0.939685583114624
background_v1_11;0.8320901393890381
background_v1_12;0.5540428161621094
background_v1_13;0.5460653305053711
background_v1_14;0.5701484680175781
background_v1_15;2.0584006309509277
background_v1_16;0.5540666580200195
background_v1_17;1.3567662239074707
background_v1_18;0.529775857925415
background_v1_19;0.7810783386230469
background_v1_20;0.7063181400299072
background_v1_21;0.5187432765960693
background_v1_22;1.8994150161743164
background_v1_23;0.6111397743225098
background_v1_24;0.6139371395111084
background_v1_25;0.7229759693145752
background_v1_26;0.6331386566162109
background_v1_27;0.5166358947753906
background_v1_28;1.7101433277130127
background_v2_0;0.08225464820861816
background_v2_1;0.15566062927246094
background_v2_2;0.18482637405395508
background_v2_3;0.6944036483764648
background_v2_4;1.4026448726654053
background_v2_5;1.4951741695404053
background_v2_6;7.3843674659729
background_v2_7;8.311881065368652
background_v2_8;6.559151887893677
background_v2_9;11.473718166351318
background_v2_10;4.185889720916748
background_v2_11;7.0801451206207275
background_v2_12;2.6028988361358643
background_v2_13;8.393993139266968
background_v2_14;3.172086715698242
background_v2_15;2.2692477703094482
background_v2_16;2.846112012863159
background_v2_17;40.65020799636841
background_v2_18;1.3294556140899658
background_v2_19;1.0988712310791016
background_v2_20;0.9370570182800293
background_v2_21;3.491692304611206
background_v2_22;0.6323866844177246
background_v2_23;1.8243424892425537
background_v2_24;0.7441296577453613
background_v2_25;0.7698180675506592
background_v2_26;0.7724313735961914
background_v2_27;0.7333030700683594
background_v2_28;1.6778342723846436
background_v3_0;0.09581160545349121
background_v3_1;0.15170836448669434
background_v3_2;0.17168688774108887
background_v3_3;0.7642064094543457
background_v3_4;3.931886911392212
background_v3_5;5.123800277709961
background_v3_6;6.31904673576355
background_v3_7;26.370537042617798
background_v3_8;9.897899627685547
background_v3_9;33.311293840408325
background_v3_10;45.74402093887329
background_v3_11;19.16785502433777
background_v3_12;6.077181100845337
background_v3_13;56.491864919662476
background_v3_14;13.085700988769531
background_v3_15;14.71439790725708
background_v3_16;28.987672805786133
background_v3_17;28.294468879699707
background_v3_18;10.419059753417969
background_v3_19;2.0241920948028564
background_v3_20;9.917530059814453
background_v3_21;2.4443559646606445
background_v3_22;2.0314900875091553
background_v3_23;1.3448829650878906
background_v3_24;1.0257065296173096
background_v3_25;0.650681734085083
background_v3_26;1.0022826194763184
background_v3_27;2.323408365249634
background_v3_28;0.6162724494934082
background_h1_0;0.21458053588867188
background_h1_1;0.19240570068359375
background_h1_2;0.17793631553649902
background_h1_3;0.17527222633361816
background_h1_4;0.19251155853271484
background_h2_0;0.34426307678222656
background_h2_1;1.6179544925689697
background_h2_2;0.9331264495849609
background_h2_3;33.87502717971802
background_h2_4;6.014588832855225
background_h2_5;4.112354040145874
background_h2_6;4.7763683795928955
background_h2_7;6.547438859939575
background_h2_8;5.554363250732422
background_h3_0;0.4714846611022949
background_h3_1;0.673635721206665
background_h3_2;0.7305810451507568
background_h3_3;0.9233155250549316
background_h3_4;1.8758211135864258
background_h3_5;10.064392566680908
background_h3_6;40.706008434295654
background_h3_7;5.373623609542847
background_h3_8;7.590846061706543
background_h3_9;9.042844772338867
background_h3_10;11.939104557037354
background_h3_11;24.41330099105835
background_h4_0;1.942678689956665
background_h4_1;0.5435409545898438
background_h4_2;0.8835668563842773
background_h4_3;1.1188535690307617
background_h4_4;1.7342162132263184
background_h4_5;3.6345555782318115
background_h4_6;9.619678974151611
background_h4_7;12.10527515411377
background_h4_8;6.520981311798096
background_h4_9;63.98214888572693
background_h4_10;14.028480291366577
background_h4_11;14.457462310791016
background_h4_12;63.16264820098877
background_h5_0;0.541672945022583
background_h5_1;2.0625789165496826
background_h5_2;0.5151405334472656
background_h5_3;1.5829896926879883
background_h5_4;1.0089998245239258
background_h5_5;1.8498389720916748
background_h5_6;2.1393656730651855
background_h5_7;2.0923757553100586
background_h5_8;3.6514456272125244
background_h5_9;44.21271634101868
background_h5_10;11.485865116119385
background_h5_11;44.85070824623108
background_h5_12;83.97299814224243
background_h5_13;31.332940340042114
background_h6_0;0.5557668209075928
background_h6_1;1.921231985092163
background_h6_2;0.7195920944213867
background_h6_3;1.641172170639038
background_h6_4;0.8845541477203369
background_h6_5;2.3567144870758057
background_h6_6;2.6740574836730957
background_h6_7;30.492995023727417
background_h6_8;6.887500047683716
background_h6_9;5.893594980239868
background_h6_10;11.853014707565308
background_h6_11;21.568331241607666
background_h6_12;12.031052589416504
background_h7_0;0.5494132041931152
background_h7_1;0.7786624431610107
background_h7_2;2.090057373046875
background_h7_3;0.5465340614318848
background_h7_4;1.269578218460083
background_h7_5;0.653724193572998
background_h7_6;0.7133734226226807
background_h7_7;1.6892116069793701
background_h7_8;1.1810352802276611
background_h7_9;8.160940647125244
background_h7_10;12.588395118713379
background_h7_11;41.36382842063904
background_h8_0;0.5669424533843994
background_h8_1;0.6395437717437744
background_h8_2;0.8135941028594971
background_h8_3;0.8691143989562988
background_h8_4;3.7786757946014404
background_h8_5;0.9036321640014648
background_h8_6;1.409764051437378
background_h8_7;54.501527070999146
background_h8_8;1.9129767417907715
background_h9_0;0.5689129829406738
background_h9_1;2.015871047973633
background_h9_2;0.802541971206665
background_h9_3;1.13413405418396
background_h9_4;2.5934712886810303
hamming_1_0;0.2174980640411377
hamming_1_1;0.20934653282165527
hamming_1_2;0.2226104736328125
hamming_1_3;1.380063533782959
hamming_1_4;0.24811577796936035
hamming_1_5;0.2527651786804199
hamming_1_6;0.2641305923461914
hamming_1_7;0.27248096466064453
hamming_1_8;0.29798412322998047
hamming_1_9;0.2956733703613281
hamming_1_10;1.5208182334899902
hamming_1_11;0.3134732246398926
hamming_1_12;0.3204052448272705
hamming_1_13;0.3364553451538086
hamming_1_14;0.3338649272918701
hamming_1_15;0.3585693836212158
hamming_1_16;0.37005162239074707
hamming_1_17;1.6265857219696045
hamming_1_18;0.3830564022064209
hamming_1_19;0.4114048480987549
hamming_1_20;0.5000734329223633
hamming_1_21;0.5259902477264404
hamming_1_22;1.0072331428527832
hamming_1_23;20.83196234703064
hamming_1_24;96.39199995994568
hamming_2_0;0.28957486152648926
hamming_2_1;0.34076714515686035
hamming_2_2;0.5150229930877686
hamming_2_3;0.5343015193939209
hamming_2_4;0.720679759979248
hamming_2_5;0.516082763671875
hamming_2_6;2.5272440910339355
hamming_2_7;0.9351077079772949
hamming_2_8;2.5727639198303223
hamming_2_9;0.6257026195526123
hamming_2_10;1.2000088691711426
hamming_2_11;1.1241416931152344
hamming_2_12;1.8629448413848877
hamming_2_13;5.547731637954712
hamming_2_14;1.0706844329833984
hamming_2_15;4.64047908782959
hamming_2_16;1.5044736862182617
hamming_2_17;3.641977310180664
hamming_2_18;3.9534037113189697
hamming_2_19;1.6785213947296143
hamming_2_20;7.375053405761719
hamming_2_21;4.424561977386475
hamming_2_22;11.970353841781616
hamming_2_23;13.676274299621582
hamming_2_24;154.60554337501526
hamming_3_0;0.32338476181030273
hamming_3_1;0.3840956687927246
hamming_3_2;1.8391540050506592
hamming_3_3;0.4700160026550293
hamming_3_4;0.833916425704956
hamming_3_5;1.0050628185272217
hamming_3_6;0.8632941246032715
hamming_3_7;0.6479623317718506
hamming_3_8;4.528376817703247
hamming_3_9;3.5500147342681885
hamming_3_10;2.261530876159668
hamming_3_11;4.423015356063843
hamming_3_12;16.550579071044922
hamming_3_13;2.1564927101135254
hamming_3_14;7.898305177688599
hamming_3_15;4.94398045539856
hamming_3_16;7.709147930145264
hamming_3_17;12.027519702911377
hamming_3_18;2.4411182403564453
hamming_3_19;13.477092504501343
hamming_3_20;10.0583336353302
hamming_3_21;6.005439519882202
hamming_3_22;18.595634698867798
hamming_3_23;63.35696744918823
hamming_3_24;19.18878436088562
hamming_4_0;0.5175304412841797
hamming_4_1;0.5447797775268555
hamming_4_2;0.7059412002563477
hamming_4_3;0.9761078357696533
hamming_4_4;1.8518757820129395
hamming_4_5;3.450925588607788
hamming_4_6;46.43585681915283
hamming_4_7;1.049522876739502
hamming_4_8;9.492414474487305
hamming_4_9;1.8547892570495605
hamming_4_10;14.180945634841919
hamming_4_11;19.181523084640503
hamming_4_12;9.495447158813477
hamming_4_13;11.989084482192993
hamming_4_14;10.733648777008057
hamming_4_15;6.445563554763794
hamming_4_16;6.292402744293213
hamming_4_17;39.95833611488342
hamming_4_18;31.36734676361084
hamming_4_19;7.695373296737671
hamming_4_20;46.01891875267029
hamming_4_21;9.768108129501343
hamming_4_22;42.34958481788635
hamming_4_23;30.32322669029236
hamming_4_24;32.182371854782104
hamming_5_0;0.5907022953033447
hamming_5_1;1.970029354095459
hamming_5_2;0.5201046466827393
hamming_5_3;0.8572094440460205
hamming_5_4;1.3278417587280273
hamming_5_5;1.7596209049224854
hamming_5_6;1.4729845523834229
hamming_5_7;4.811156749725342
hamming_5_8;37.15087628364563
hamming_5_9;7.329864978790283
hamming_5_10;6.852326154708862
hamming_5_11;65.25875282287598
hamming_5_12;13.721596479415894
hamming_5_13;55.941147565841675
hamming_5_14;7.587993383407593
hamming_5_15;18.68501615524292
hamming_5_16;61.627979040145874
hamming_5_17;15.778259754180908
hamming_5_18;40.31839394569397
hamming_5_19;35.66525626182556
hamming_5_20;20.43477439880371
hamming_5_21;56.919586181640625
hamming_5_22;83.36276316642761
hamming_5_23;29.75368356704712
hamming_5_24;125.15359044075012
hamming_6_0;0.6481468677520752
hamming_6_1;0.5073745250701904
hamming_6_2;0.5842688083648682
hamming_6_3;2.004425287246704
hamming_6_4;3.543954610824585
hamming_6_5;1.063044786453247
hamming_6_6;1.9104464054107666
hamming_6_7;7.301361799240112
hamming_6_8;27.477959156036377
hamming_6_9;40.06152296066284
hamming_6_10;37.56298089027405
hamming_6_11;17.641812086105347
hamming_6_12;25.6892352104187
hamming_6_13;19.625266075134277
hamming_6_14;20.50680184364319
hamming_6_15;19.514892578125
hamming_6_16;21.738771438598633
hamming_6_17;17.000093460083008
hamming_6_18;20.18282961845398
hamming_6_19;48.947951793670654
hamming_6_20;41.87324070930481
hamming_6_21;45.94743204116821
hamming_6_22;57.75830817222595
hamming_6_23;58.458271503448486
hamming_6_24;146.9062056541443
hamming_7_0;1.8521411418914795
hamming_7_1;0.6845052242279053
hamming_7_2;0.5823009014129639
hamming_7_3;59.432281732559204
hamming_7_4;1.3678390979766846
hamming_7_5;43.57934212684631
hamming_7_6;40.1106333732605
hamming_7_7;34.91524910926819
hamming_7_8;9.238953590393066
hamming_7_9;10.230199337005615
hamming_7_10;58.655596017837524
hamming_7_11;49.533817768096924
hamming_7_12;12.195131063461304
hamming_7_13;18.789637804031372
hamming_7_14;53.81069898605347
hamming_7_15;62.80017018318176
hamming_7_16;18.46364951133728
hamming_7_17;95.94868445396423
hamming_7_18;52.566338539123535
hamming_7_19;15.225276947021484
hamming_7_20;142.5926628112793
hamming_7_21;14.685012578964233
hamming_7_22;21.528069257736206
hamming_7_23;94.30656862258911
hamming_7_24;21.170756578445435
hamming_8_0;0.6870605945587158
hamming_8_1;0.7956087589263916
hamming_8_2;0.5792391300201416
hamming_8_3;2.44805908203125
hamming_8_4;2.492788076400757
hamming_8_5;41.670695781707764
hamming_8_6;1.6342151165008545
hamming_8_7;72.51455330848694
hamming_8_8;44.87849426269531
hamming_8_9;1.308922529220581
hamming_8_10;53.47175645828247
hamming_8_11;54.280102252960205
hamming_8_12;25.426429748535156
hamming_8_13;67.69133067131042
hamming_8_14;76.09210991859436
hamming_8_15;72.39889526367188
hamming_8_16;76.9973030090332
hamming_8_17;61.073692083358765
hamming_8_18;86.23188185691833
hamming_8_19;82.1580879688263
hamming_8_20;27.75745964050293
hamming_8_21;91.48196220397949
hamming_8_22;63.658220291137695
hamming_8_23;72.04227685928345
hamming_8_24;62.44958519935608
hamming_9_0;0.6666405200958252
hamming_9_1;0.6260397434234619
hamming_9_2;1.1270725727081299
hamming_9_3;1.0570058822631836
hamming_9_4;1.6146039962768555
hamming_9_5;44.84055805206299
hamming_9_6;56.83096742630005
hamming_9_7;2.1702983379364014
hamming_9_8;37.86117911338806
hamming_9_9;9.871348142623901
hamming_9_10;10.946528196334839
hamming_9_11;49.15674161911011
hamming_9_12;60.45496678352356
hamming_9_13;87.22560834884644
hamming_9_14;19.069153785705566
hamming_9_15;59.909642457962036
hamming_9_16;40.89601016044617
hamming_9_17;76.52319860458374
hamming_9_18;57.444082736968994
hamming_9_19;239.85969400405884
hamming_9_20;93.422208070755
hamming_9_21;63.30977654457092
hamming_9_22;64.23391962051392
hamming_9_23;82.01699018478394
hamming_9_24;93.42189741134644
