election_id;x;y
ID 0.5;2.0252;-0.46583
IC 0.5;0.57282;-0.46583
full;1.27101;0.69798
empty;1.2526;-1.60795
background_id_0;1.41574;-1.55929
background_id_1;1.50984;-1.50249
background_id_2;1.61016;-1.41812
background_id_3;1.67332;-1.35164
background_id_4;1.73316;-1.29
background_id_5;1.79513;-1.20188
background_id_6;1.8395;-1.12896
background_id_7;1.88057;-1.06045
background_id_8;1.92087;-0.96877
background_id_9;1.94971;-0.89091
background_id_10;1.97462;-0.81812
background_id_11;1.99671;-0.72444
background_id_12;2.0102;-0.64436
background_id_13;2.01792;-0.57103
background_id_14;2.02747;-0.46607
background_id_15;2.02216;-0.37131
background_id_16;2.01538;-0.29801
background_id_17;2.00556;-0.20679
background_id_18;1.98749;-0.12469
background_id_19;1.96398;-0.0506
background_id_20;1.93373;0.03861
background_id_21;1.90281;0.12066
background_id_22;1.86237;0.1911
background_id_23;1.81447;0.27592
background_id_24;1.76459;0.35401
background_id_25;1.70535;0.41877
background_id_26;1.63383;0.49777
background_id_27;1.55443;0.57021
background_id_28;1.4636;0.63288
background_ic_0;1.14784;-1.53087
background_ic_1;1.08216;-1.46157
background_ic_2;1.01575;-1.39076
background_ic_3;0.97172;-1.32421
background_ic_4;0.92348;-1.2577
background_ic_5;0.86861;-1.18911
background_ic_6;0.84303;-1.12149
background_ic_7;0.80056;-1.05818
background_ic_8;0.75769;-0.98503
background_ic_9;0.73495;-0.91785
background_ic_10;0.70236;-0.84457
background_ic_11;0.66728;-0.76931
background_ic_12;0.64049;-0.68636
background_ic_13;0.61866;-0.59399
background_ic_14;0.57621;-0.42614
background_ic_15;0.61388;-0.3031
background_ic_16;0.64341;-0.20722
background_ic_17;0.66797;-0.13519
background_ic_18;0.71221;-0.05363
background_ic_19;0.74519;0.0154
background_ic_20;0.76466;0.08984
background_ic_21;0.80983;0.1561
background_ic_22;0.85612;0.22185
background_ic_23;0.88298;0.29104
background_ic_24;0.93901;0.35863
background_ic_25;0.98937;0.41921
background_ic_26;1.03534;0.48496
background_ic_27;1.1038;0.55564
background_ic_28;1.17212;0.62691
background_v1_0;1.3469;-1.5418
background_v1_1;1.40024;-1.47036
background_v1_2;1.45406;-1.38652
background_v1_3;1.49759;-1.302
background_v1_4;1.53563;-1.24132
background_v1_5;1.55053;-1.16216
background_v1_6;1.5832;-1.07974
background_v1_7;1.605;-1.01023
background_v1_8;1.61628;-0.93328
background_v1_9;1.63419;-0.84166
background_v1_10;1.66735;-0.78428
background_v1_11;1.66566;-0.70317
background_v1_12;1.68751;-0.61295
background_v1_13;1.68436;-0.5525
background_v1_14;1.68829;-0.45175
background_v1_15;1.69385;-0.378
background_v1_16;1.68657;-0.32246
background_v1_17;1.67692;-0.21877
background_v1_18;1.67476;-0.14763
background_v1_19;1.66971;-0.09148
background_v1_20;1.62533;0.01579
background_v1_21;1.62313;0.08326
background_v1_22;1.60165;0.14699
background_v1_23;1.57097;0.24145
background_v1_24;1.55419;0.314
background_v1_25;1.52897;0.3763
background_v1_26;1.47302;0.4711
background_v1_27;1.43252;0.5473
background_v1_28;1.38723;0.62045
background_v2_0;1.28448;-1.53219
background_v2_1;1.28573;-1.45655
background_v2_2;1.29263;-1.37313
background_v2_3;1.27161;-1.30063
background_v2_4;1.29923;-1.23104
background_v2_5;1.30511;-1.14111
background_v2_6;1.30767;-1.06579
background_v2_7;1.28473;-1.01016
background_v2_8;1.33248;-0.91026
background_v2_9;1.3219;-0.84534
background_v2_10;1.34543;-0.76847
background_v2_11;1.35521;-0.67981
background_v2_12;1.33739;-0.61917
background_v2_13;1.35618;-0.53815
background_v2_14;1.3557;-0.43864
background_v2_15;1.34969;-0.37323
background_v2_16;1.34973;-0.31451
background_v2_17;1.36281;-0.22313
background_v2_18;1.34306;-0.1545
background_v2_19;1.33676;-0.07037
background_v2_20;1.33911;0.00053
background_v2_21;1.29887;0.09273
background_v2_22;1.32481;0.14878
background_v2_23;1.35369;0.22887
background_v2_24;1.32533;0.30668
background_v2_25;1.29722;0.37672
background_v2_26;1.34015;0.45929
background_v2_27;1.31389;0.54048
background_v2_28;1.3184;0.61568
background_v3_0;1.21283;-1.53274
background_v3_1;1.18513;-1.45818
background_v3_2;1.15232;-1.38013
background_v3_3;1.12658;-1.30515
background_v3_4;1.07467;-1.25581
background_v3_5;1.06321;-1.17621
background_v3_6;1.02508;-1.11252
background_v3_7;1.01195;-1.04637
background_v3_8;1.01304;-0.96613
background_v3_9;1.00167;-0.88413
background_v3_10;0.96903;-0.82248
background_v3_11;1.0029;-0.71068
background_v3_12;1.00611;-0.6242
background_v3_13;1.00176;-0.52292
background_v3_14;0.99969;-0.46394
background_v3_15;1.00288;-0.37703
background_v3_16;0.99872;-0.29585
background_v3_17;1.0144;-0.18962
background_v3_18;0.98158;-0.08858
background_v3_19;1.00645;-0.02615
background_v3_20;1.05069;0.04636
background_v3_21;1.02596;0.14258
background_v3_22;1.04089;0.20688
background_v3_23;1.07582;0.27452
background_v3_24;1.10615;0.34667
background_v3_25;1.14752;0.40018
background_v3_26;1.16878;0.47348
background_v3_27;1.20732;0.54656
background_v3_28;1.24708;0.61993
background_h1_0;1.51313;-1.40252
background_h1_1;1.39678;-1.3739
background_h1_2;1.32074;-1.36779
background_h1_3;1.20847;-1.37323
background_h1_4;1.08873;-1.38502
background_h2_0;1.69719;-1.19591
background_h2_1;1.61589;-1.17435
background_h2_2;1.49412;-1.15456
background_h2_3;1.41355;-1.13521
background_h2_4;1.32689;-1.14036
background_h2_5;1.19206;-1.16318
background_h2_6;1.11994;-1.17186
background_h2_7;1.00801;-1.18455
background_h2_8;0.9362;-1.17874
background_h3_0;1.82462;-0.97136
background_h3_1;1.73844;-0.95745
background_h3_2;1.65934;-0.94213
background_h3_3;1.54418;-0.92789
background_h3_4;1.46841;-0.91616
background_h3_5;1.38849;-0.90717
background_h3_6;1.27658;-0.91238
background_h3_7;1.16684;-0.94782
background_h3_8;1.09795;-0.94258
background_h3_9;1.03787;-0.94808
background_h3_10;0.88684;-0.99465
background_h3_11;0.81846;-0.98333
background_h4_0;1.89889;-0.73002
background_h4_1;1.81476;-0.72584
background_h4_2;1.72916;-0.71695
background_h4_3;1.60484;-0.70626
background_h4_4;1.52384;-0.69825
background_h4_5;1.43742;-0.69211
background_h4_6;1.32666;-0.69251
background_h4_7;1.24847;-0.67819
background_h4_8;1.16374;-0.67655
background_h4_9;1.0518;-0.72085
background_h4_10;0.94568;-0.72018
background_h4_11;0.84576;-0.75426
background_h4_12;0.73166;-0.77262
background_h5_0;1.9307;-0.43863
background_h5_1;1.84595;-0.48191
background_h5_2;1.76451;-0.47848
background_h5_3;1.654;-0.4599
background_h5_4;1.57154;-0.43435
background_h5_5;1.48766;-0.48476
background_h5_6;1.41129;-0.47464
background_h5_7;1.28948;-0.47127
background_h5_8;1.21017;-0.47186
background_h5_9;1.12672;-0.47597
background_h5_10;1.04479;-0.46652
background_h5_11;0.93138;-0.46627
background_h5_12;0.8218;-0.46022
background_h5_13;0.69416;-0.46253
background_h6_0;1.90363;-0.1901
background_h6_1;1.81398;-0.19377
background_h6_2;1.73688;-0.20575
background_h6_3;1.6082;-0.20836
background_h6_4;1.52915;-0.21121
background_h6_5;1.44802;-0.21995
background_h6_6;1.33516;-0.22268
background_h6_7;1.25297;-0.22461
background_h6_8;1.16789;-0.22978
background_h6_9;1.06231;-0.18551
background_h6_10;0.95032;-0.19093
background_h6_11;0.84631;-0.14579
background_h6_12;0.72392;-0.12898
background_h7_0;1.8348;0.04941
background_h7_1;1.75191;0.03912
background_h7_2;1.66888;0.02124
background_h7_3;1.55493;0.01443
background_h7_4;1.47223;0.00173
background_h7_5;1.39316;-0.00376
background_h7_6;1.28388;0.00327
background_h7_7;1.17637;0.03816
background_h7_8;1.10188;0.03391
background_h7_9;1.00775;0.06006
background_h7_10;0.89523;0.08878
background_h7_11;0.82762;0.08562
background_h8_0;1.7107;0.2758
background_h8_1;1.62639;0.25412
background_h8_2;1.50536;0.23833
background_h8_3;1.42867;0.2272
background_h8_4;1.31477;0.22343
background_h8_5;1.23794;0.2314
background_h8_6;1.1304;0.26579
background_h8_7;1.02137;0.28574
background_h8_8;0.95088;0.27773
background_h9_0;1.52867;0.48535
background_h9_1;1.41355;0.46129
background_h9_2;1.31245;0.45814
background_h9_3;1.23008;0.46532
background_h9_4;1.10816;0.47436
hamming_1_0;1.54133;-1.34576
hamming_1_1;1.42535;-1.29238
hamming_1_2;1.37165;-1.24113
hamming_1_3;1.23933;-1.21651
hamming_1_4;1.22136;-1.12919
hamming_1_5;1.15966;-1.09825
hamming_1_6;1.1068;-1.06751
hamming_1_7;1.06486;-1.03001
hamming_1_8;0.96351;-1.01995
hamming_1_9;0.94441;-0.96156
hamming_1_10;0.91685;-0.91896
hamming_1_11;0.86176;-0.9041
hamming_1_12;0.87916;-0.8599
hamming_1_13;0.83151;-0.83193
hamming_1_14;0.79438;-0.80881
hamming_1_15;0.79493;-0.77017
hamming_1_16;0.76679;-0.73792
hamming_1_17;0.71884;-0.72076
hamming_1_18;0.73078;-0.67463
hamming_1_19;0.70186;-0.6498
hamming_1_20;0.67416;-0.62716
hamming_1_21;0.66122;-0.59399
hamming_1_22;0.63897;-0.55991
hamming_1_23;0.61153;-0.54095
hamming_1_24;0.59507;-0.50751
hamming_2_0;1.7196;-1.13889
hamming_2_1;1.63719;-1.09958
hamming_2_2;1.5216;-1.07162
hamming_2_3;1.45644;-1.02682
hamming_2_4;1.39432;-1.00013
hamming_2_5;1.333;-0.97367
hamming_2_6;1.23986;-0.95627
hamming_2_7;1.21487;-0.89837
hamming_2_8;1.16295;-0.87193
hamming_2_9;1.12139;-0.83732
hamming_2_10;1.07631;-0.82802
hamming_2_11;1.03723;-0.80717
hamming_2_12;0.98944;-0.76944
hamming_2_13;0.93018;-0.76469
hamming_2_14;0.89985;-0.73322
hamming_2_15;0.87918;-0.69513
hamming_2_16;0.84168;-0.6797
hamming_2_17;0.81135;-0.65528
hamming_2_18;0.78704;-0.6261
hamming_2_19;0.75148;-0.61828
hamming_2_20;0.72202;-0.59217
hamming_2_21;0.69637;-0.5708
hamming_2_22;0.66043;-0.54241
hamming_2_23;0.63269;-0.52216
hamming_2_24;0.58474;-0.49335
hamming_3_0;1.83708;-0.91265
hamming_3_1;1.74797;-0.88775
hamming_3_2;1.66816;-0.87168
hamming_3_3;1.56414;-0.84492
hamming_3_4;1.49734;-0.82131
hamming_3_5;1.44078;-0.80329
hamming_3_6;1.38456;-0.78513
hamming_3_7;1.29927;-0.77876
hamming_3_8;1.24697;-0.75636
hamming_3_9;1.20092;-0.73368
hamming_3_10;1.14657;-0.72788
hamming_3_11;1.11031;-0.69167
hamming_3_12;1.08289;-0.66198
hamming_3_13;1.03259;-0.65811
hamming_3_14;0.96672;-0.64866
hamming_3_15;0.93548;-0.62209
hamming_3_16;0.89443;-0.60468
hamming_3_17;0.8565;-0.59394
hamming_3_18;0.82646;-0.58133
hamming_3_19;0.78886;-0.55711
hamming_3_20;0.75591;-0.55106
hamming_3_21;0.72137;-0.53376
hamming_3_22;0.67425;-0.51451
hamming_3_23;0.62838;-0.4919
hamming_3_24;0.59885;-0.46638
hamming_4_0;1.90044;-0.68674
hamming_4_1;1.81496;-0.66667
hamming_4_2;1.73768;-0.65839
hamming_4_3;1.62994;-0.64328
hamming_4_4;1.56147;-0.63455
hamming_4_5;1.49996;-0.62185
hamming_4_6;1.43949;-0.61686
hamming_4_7;1.38251;-0.60125
hamming_4_8;1.29957;-0.59146
hamming_4_9;1.25136;-0.59192
hamming_4_10;1.19921;-0.58059
hamming_4_11;1.15344;-0.57301
hamming_4_12;1.10838;-0.56123
hamming_4_13;1.06789;-0.56194
hamming_4_14;1.01748;-0.55831
hamming_4_15;0.96486;-0.55248
hamming_4_16;0.93246;-0.53323
hamming_4_17;0.88683;-0.52105
hamming_4_18;0.85248;-0.52073
hamming_4_19;0.80555;-0.51311
hamming_4_20;0.76335;-0.49838
hamming_4_21;0.73556;-0.50143
hamming_4_22;0.68926;-0.48623
hamming_4_23;0.63461;-0.47546
hamming_4_24;0.61439;-0.45093
hamming_5_0;1.92144;-0.48151
hamming_5_1;1.83958;-0.44064
hamming_5_2;1.75566;-0.43674
hamming_5_3;1.65994;-0.48046
hamming_5_4;1.58396;-0.48092
hamming_5_5;1.51904;-0.44112
hamming_5_6;1.45742;-0.4374
hamming_5_7;1.40425;-0.44793
hamming_5_8;1.33288;-0.4719
hamming_5_9;1.26964;-0.43239
hamming_5_10;1.21632;-0.44495
hamming_5_11;1.17356;-0.43663
hamming_5_12;1.12884;-0.44165
hamming_5_13;1.08261;-0.43622
hamming_5_14;1.03289;-0.44143
hamming_5_15;0.98295;-0.43921
hamming_5_16;0.9342;-0.42853
hamming_5_17;0.89046;-0.45298
hamming_5_18;0.85442;-0.45063
hamming_5_19;0.8167;-0.43568
hamming_5_20;0.7802;-0.45025
hamming_5_21;0.73265;-0.44407
hamming_5_22;0.6999;-0.43869
hamming_5_23;0.64655;-0.45133
hamming_5_24;0.602;-0.43878
hamming_6_0;1.90504;-0.24184
hamming_6_1;1.8199;-0.25329
hamming_6_2;1.73986;-0.26524
hamming_6_3;1.63143;-0.27249
hamming_6_4;1.57014;-0.27909
hamming_6_5;1.50577;-0.29042
hamming_6_6;1.44954;-0.29662
hamming_6_7;1.38275;-0.30324
hamming_6_8;1.30274;-0.30022
hamming_6_9;1.24763;-0.32101
hamming_6_10;1.20785;-0.3101
hamming_6_11;1.15703;-0.33752
hamming_6_12;1.11533;-0.3368
hamming_6_13;1.06809;-0.34439
hamming_6_14;1.02034;-0.34795
hamming_6_15;0.97178;-0.35534
hamming_6_16;0.92612;-0.35818
hamming_6_17;0.88622;-0.37258
hamming_6_18;0.84944;-0.3849
hamming_6_19;0.81824;-0.38268
hamming_6_20;0.77604;-0.3994
hamming_6_21;0.73306;-0.40229
hamming_6_22;0.68832;-0.41595
hamming_6_23;0.65042;-0.4276
hamming_6_24;0.58493;-0.44434
hamming_7_0;1.84249;-0.00848
hamming_7_1;1.75775;-0.02897
hamming_7_2;1.66337;-0.04148
hamming_7_3;1.57785;-0.06905
hamming_7_4;1.51342;-0.08683
hamming_7_5;1.4544;-0.11092
hamming_7_6;1.39984;-0.12193
hamming_7_7;1.29956;-0.12865
hamming_7_8;1.24949;-0.15323
hamming_7_9;1.20407;-0.16782
hamming_7_10;1.15219;-0.18094
hamming_7_11;1.11901;-0.21711
hamming_7_12;1.07592;-0.25075
hamming_7_13;1.02648;-0.25167
hamming_7_14;0.9767;-0.25611
hamming_7_15;0.93338;-0.27541
hamming_7_16;0.89256;-0.2939
hamming_7_17;0.8605;-0.30165
hamming_7_18;0.82591;-0.31521
hamming_7_19;0.7937;-0.33675
hamming_7_20;0.75037;-0.34989
hamming_7_21;0.7058;-0.37303
hamming_7_22;0.67828;-0.38657
hamming_7_23;0.63575;-0.3953
hamming_7_24;0.6106;-0.42875
hamming_8_0;1.73017;0.21809
hamming_8_1;1.64853;0.18588
hamming_8_2;1.53268;0.15653
hamming_8_3;1.47037;0.11868
hamming_8_4;1.40763;0.08902
hamming_8_5;1.34657;0.06239
hamming_8_6;1.24877;0.0479
hamming_8_7;1.21829;-0.00959
hamming_8_8;1.1735;-0.04712
hamming_8_9;1.11687;-0.04953
hamming_8_10;1.09314;-0.08718
hamming_8_11;1.04072;-0.09841
hamming_8_12;0.99711;-0.1304
hamming_8_13;0.94306;-0.13629
hamming_8_14;0.90619;-0.15674
hamming_8_15;0.87649;-0.19432
hamming_8_16;0.84974;-0.22913
hamming_8_17;0.81569;-0.23848
hamming_8_18;0.78328;-0.26213
hamming_8_19;0.75794;-0.29257
hamming_8_20;0.72713;-0.31447
hamming_8_21;0.69203;-0.32799
hamming_8_22;0.65723;-0.35801
hamming_8_23;0.62548;-0.37012
hamming_8_24;0.59367;-0.41899
hamming_9_0;1.55871;0.43317
hamming_9_1;1.44475;0.37917
hamming_9_2;1.3861;0.33348
hamming_9_3;1.25132;0.30858
hamming_9_4;1.19137;0.25676
hamming_9_5;1.17641;0.1875
hamming_9_6;1.11857;0.16194
hamming_9_7;1.07632;0.12044
hamming_9_8;0.97518;0.11714
hamming_9_9;0.95164;0.06122
hamming_9_10;0.91257;0.02242
hamming_9_11;0.90636;-0.01596
hamming_9_12;0.84886;-0.02431
hamming_9_13;0.85425;-0.07453
hamming_9_14;0.80161;-0.08639
hamming_9_15;0.7924;-0.1248
hamming_9_16;0.76243;-0.15864
hamming_9_17;0.75468;-0.19745
hamming_9_18;0.72547;-0.22286
hamming_9_19;0.68883;-0.24058
hamming_9_20;0.68863;-0.27375
hamming_9_21;0.66064;-0.29931
hamming_9_22;0.6397;-0.3243
hamming_9_23;0.60435;-0.36094
hamming_9_24;0.5925;-0.39463
